{
    "polish": {
        "translation_autor": "revox",
        "sigint_detected": " SIGINT wykryty - Wyłączam koparkę.",
        "goodbye": " Do zobaczenia wkrótce!",
        "greeting_morning": "Miłego ranka",
        "greeting_noon": "Miłego południa",
        "greeting_afternoon": "Miłego popołudnia",
        "greeting_evening": "Miłego wieczoru",
        "greeting_back": "Witaj ponownie",

        "banner": "Oficjalna koparka Duino-Coin © dla płytek AVR",
        "donation_level": "Poziom dotacji dla deweloperów: ",
        "avr_on_port": "Płytka(i) AVR na porcie(ach): ",
        "algorithm": "Algorytm: ",
        "rig_identifier": "Identyfikator koparki: ",

        "basic_config_tool": "\nKreator pliku konfiguracyjnego Duino-Coin\nEdytuj plik ",
        "edit_config_file_warning": "/Miner_config.cfg jeżeli chcesz coś poźniej zmienić.",
        "dont_have_account": "Nie posiadasz konta Duino-Coin? Użyj ",
        "wallet": "Wallet (Portfel)",
        "register_warning": " aby zarejestrować się na sieci.\n",
        "ask_username": "Wprowadź swoją nazwę użytkownika Duino-Coin: ",
        "ports_message": "Kreator konfiguracji znalazł następujące porty:",
        "ports_notice": "Jeżeli nie widzisz powyżej swojej płytki, upewnij się że jest poprawnie podłączona i program ma do niej wymagane uprawninia (np. admin lub sudo).",
        "ask_avrport": "Wprowadź nazwę portu swojej płytki (np. COM1 (Windows) lub /dev/ttyUSB1 (Unix)): ",
        "ask_anotherport": "Czy chcesz dodać kolejną płytkę? (y/N): ",
        "ask_higherdiff": "Czy chcesz użyć większej trudności kopania? (tylko dla płytek Arduino DUE) (y/N): ",
        "ask_rig_identifier": "Chcesz dodać identyfikator (nazwę) dla tej koparki? (y/N) ",
        "ask_rig_name": "Wprowadź nazwę dla koparki: ",
        "ask_donation_level": "Ustaw poziom dotacji dla deweloperów (0-5) (zalecane: 1), nie zmniejszy to Twoich zysków: ",
        "config_saved": "Konfiguracja zapisana! Uruchamianie koparki",

        "free_network_warning": " Sieć Duino-Coin jest w pełni darmową usługą i zawsze taka będzie",
        "donate_warning": "\nNie bierzemy żadnych prowizji z Twojego kopania, a utrzymanie serwera i opłacanie wymian jest kosztowne.\nMożesz nam bardzo pomóc w utrzymaniu odwiedzając ",
        "learn_more_donate": " aby złożyć dotację :)",
        "starting_donation": "Włączanie procesu dotacji",
        "thanks_donation": " Bardzo dziękujemy za posiadanie włączonej dotacji ❤️ Pomoże nam to utrzymać główny serwer i pozwoli na dalszy rozwój",

        "data_error": " Problem pobierania danych z GitHuba! Ponowna próba za 10s.",
        "connected": " Połączono",
        "connected_server": " z głównym serwerem Duino-Coin (v",
        "outdated_miner": " Koparka jest nieaktualna (v",
        "server_is_on_version": " serwer jest na v",
        "update_warning": ", proszę pobrać najnowszą wersję z https://github.com/revoxhere/duino-coin/releases/",
        "connecting_error": " Problem podczas łączenia z serwerem. Ponowna próba za 10s",

        "duco_avr_miner": "Koparka AVR Duino-Coin (v",
        "accepted_shares": " zaakceptowanych share'ów",
        "accepted": " Zaakceptowano ",
        "block_found": " Znaleziono blok ",
        "rejected": " Odrzucono ",
        "error_while_mining": " Błąd podczas kopania - prawdopodobnie problem z połączeniem - ponowna próba za 5s.",

        "board_on_port": " Płytka AVR na porcie ",
        "board_is_connected": " jest podłączona",
        "board_connection_error": " Problem z płytką AVR na porcie ",
        "board_connection_error2": ", upewnij się że jest ona poprawnie podłączona",

        "mining_start": " Wątek AVR koparki uruchamia się",
        "mining_algorithm": " używając algorytmu DUCO-S1A (",
        "mining_avr_connection_error": " Problem z płytką AVR! Ponowna próba za 10s",
        "mining_avr_not_responding": " Płytka AVR nie odpowiada, wysyłanie nowej pracy ",
        "internal_server_error": " Wewnętrzny błąd serwera.",
        "retrying": " Ponowna próba za 10s",
        "mining_user": " Użytkownik ",
        "mining_not_exist": " nie jest zarejestrowany.",
        "mining_not_exist_warning": " Upewnij się że poprawnie wprowadziłeś nazwę użytkownika. Sprawdź swój plik konfiguracyjny. Ponowna próba za 10s",

        "load_config_error": " Problem z ładowaniem pliku konfiguracyjnego (",
        "load_config_error_warning": "/Miner_config.cfg). Spróbuj go usunąć i włącz koparkę ponownie. Wyłączanie za 10s",
        "connection_search": "Szukanie najszybszego serwera"
    },
    "russian": {
        "translation_autor": "5Q",
        "sigint_detected": " Обнаружен SIGINT - завершаем работу.",
        "goodbye": " До скорой встречи!",
        "greeting_morning": "Желаю вам прекрасного утра",
        "greeting_noon": "Приятного вам полудня",
        "greeting_afternoon": "Приятного вам дня",
        "greeting_evening": "Приятного вам вечера",
        "greeting_back": "С возвращением",

        "banner": "Официальный AVR майнер Duino-Coin © ",
        "donation_level": "Уровень пожертвования разработчикам: ",
        "avr_on_port": "AVR плата(ы) на порте(ах): ",
        "algorithm": "Алгоритм: ",
        "rig_identifier": "Идентификатор устройства: ",

        "basic_config_tool": "\nИнструмент базовой настройки Duino-Coin\nОтредактируйте файл ",
        "edit_config_file_warning": "/Miner_config.cfg если вы захотите их изменить.",
        "dont_have_account": "Еще нет аккаунта Duino-Coin? Используйте ",
        "wallet": "Кошелек",
        "register_warning": " для регистрации на сервере.\n",
        "ask_username": "Введите ваше имя пользователя Duino-Coin: ",
        "ports_message": "Инструмент настройки нашел следующие порты:",
        "ports_notice": "Если тут нет вашей платы, проверьте что она правильно подключена и программа имеет к ней доступ (права адмнинистратора/суперпользователя).",
        "ask_avrport": "Введите COM-порт вашей платы (например COM1 (Windows) или /dev/ttyUSB1 (Unix)): ",
        "ask_anotherport": "Хотите ли вы добавить еще одну плату? (y/N): ",
        "ask_higherdiff": "Хотите ли вы использовать более высокую сложность? (только для плат Arduino DUE) (y/N): ",
        "ask_rig_identifier": "Хотите ли вы добавить идентификатор (имя) этому устройству? (y/N) ",
        "ask_rig_name": "Введите желаемое имя устройства: ",
        "ask_donation_level": "Установите уровень пожертвования разработчикам (0-5) (рекомендуется: 1), это не уменьшит ваш заработок: ",
        "config_saved": "Настройки сохранены! Запускаем майнер",

        "free_network_warning": " Сеть Duino-Coin это абсолютно бесплатный сервис и всегда будет таким",
        "donate_warning": "\nМы не берем никаких комиссий с вашего майнинга.\nВы можете очень сильно помочь нам поддерживать сервер и обменники с низкой комиссией своим пожертвованием.\nПосетите ",
        "learn_more_donate": " чтобы узнать больше о том, как вы можете помочь :)",
        "starting_donation": "Начинаем процесс пожертвования",
        "thanks_donation": " Спасибо вам за пожертвования ❤️ Ваше пожертвование поможет нам подерживать сервер и продолжать разработку",

        "data_error": " Ошибка получения данных с GitHub! Повтор через 10с.",
        "connected": " Подключено",
        "connected_server": " к главному серверу Duino-Coin (v",
        "outdated_miner": " Майнер устарел (v",
        "server_is_on_version": " сервер имеет версию v",
        "update_warning": ", пожалуйста скачайте последнюю версию с https://github.com/revoxhere/duino-coin/releases/",
        "connecting_error": " Ошибка подключения к серверу. Повтор через 10с",

        "duco_avr_miner": "AVR майнер Duino-Coin (v",
        "accepted_shares": " принятых шар",
        "accepted": " Принято ",
        "block_found": " Найден блок ",
        "rejected": " Отклонено ",
        "error_while_mining": " Ошибка во время майнинга - скорее всего, ошибка подключения - перезапуск через 5с.",

        "board_on_port": " AVR на порте ",
        "board_is_connected": " подключена",
        "board_connection_error": " Ошибка подключения AVR на порте ",
        "board_connection_error2": ", пожалуйста проверьте, подключена она или нет",

        "mining_start": " Поток AVR майнера запускается",
        "mining_algorithm": " используя алгоритм DUCO-S1A (",
        "mining_avr_connection_error": " Ошибка подключения к AVR! Повтор через 10с",
        "mining_avr_not_responding": " Arduino не отвечает долгое время, отправляем новую работу ",
        "internal_server_error": " Внутренняя ошибка сервера.",
        "retrying": " Повтор через 10с",
        "mining_user": " Пользователь ",
        "mining_not_exist": " не сущетсует.",
        "mining_not_exist_warning": " Убедитесь в том, что вы правильно ввели имя пользователя. Пожалуйста, проверьте ваш файл настроек. Пробуем еще раз через 10с",

        "load_config_error": " Ошибка загрузки файла настроек (",
        "load_config_error_warning": "/Miner_config.cfg). Попробуйте удалить его и перезапустить настройку. Выход через 10с"
    },
    "spanish": {
        "translation_autor": "HGEpro",
        "sigint_detected": " SIGINT detectado - Saliendo correctamente.",
        "goodbye": " ¡Hasta pronto!",
        "greeting_morning": "Tenga una maravillosa mañana",
        "greeting_noon": "Tenga un buen mediodía",
        "greeting_afternoon": "Tenga una plácida tarde",
        "greeting_evening": "Tenga una increíble noche",
        "greeting_back": "Bienvenido de vuelta",

        "banner": "Oficial Duino-Coin © AVR Miner",
        "donation_level": "Nivel de donación al desarrolador: ",
        "avr_on_port": "Placa(s) AVR(s) en el(los) puerto(s): ",
        "algorithm": "Algoritmo: ",
        "rig_identifier": "Identificador del rig: ",

        "basic_config_tool": "\nHerramienta de configuración básica de Duino-Coin\nEdita ",
        "edit_config_file_warning": "el archivo /Miner_config.cfg si deseas cambiar después la configuración.",
        "dont_have_account": "¿No tienes una cuenta Duino-Coin todavía? Usa ",
        "wallet": "Monedero",
        "register_warning": " para registrarte en el servidor.\n",
        "ask_username": "Introduce tu usuario Duino-Coin: ",
        "ports_message": "La herramienta de configuración ha descubierto estos puertos:",
        "ports_notice": "Si no puedes ver tu placa ahí, comprueba que esté bien conectada y el programa tenga acceso (admin/sudo).",
        "ask_avrport": "Introduce el puerto serial de tu placa(ej. COM1 (Windows) o /dev/ttyUSB1 (Unix)): ",
        "ask_anotherport": "¿Deseas añadir otra placa? (y/N): ",
        "ask_higherdiff": "¿Deseas usar una dificultad más alta? (solo para las placas Arduino DUE) (y/N): ",
        "ask_rig_identifier": "¿Deseas añadir un identificador (name) a este rig? (y/N) ",
        "ask_rig_name": "Introduce el nombre del rig deseado: ",
        "ask_donation_level": "Ajusta el nivel de donación al desarrollador (0-5) (recomendado: 1), esto no reducirá tus ganancias: ",
        "config_saved": "Configuración guardada! Lanzando el minero",

        "free_network_warning": " La red Duino-Coin es gratis, y siempre lo será",
        "donate_warning": "\nNo obtenemos ningún tipo de comisión de tu minado.\nPuedes ayudarnos mucho a mantener el servidor y el exchange de baja comisión donando.\nVisita ",
        "learn_more_donate": " para saber más sobre como puedes ayudar :)",
        "starting_donation": "Empezando el proceso de donación",
        "thanks_donation": " Gracías por ser un asombroso donador ❤️ Tu donación nos ayudará a mantener el servidor y permitir el desarrollo",        "data_error": " Error extrayendo datos desde GitHub! Reintentando en 10s.",
        "connected": " Conectado",
        "connected_server": " al servidor maestro de Duino-Coin (v",
        "outdated_miner": " El minero está desactualizado (v",
        "server_is_on_version": " el servidor está en la versión",
        "update_warning": ", porfavor descarga la última versión desde https://github.com/revoxhere/duino-coin/releases/",
        "connecting_error": " Error conectando al servidor. Reintentando en 10s",

        "duco_avr_miner": "Minero AVR Duino-Coin (v",
        "accepted_shares": " shares aceptadas",
        "accepted": " Aceptado ",
        "block_found": " Bloque encontrado ",
        "rejected": " Rechazado ",
        "error_while_mining": " Error durante el minado - probablemente un error de conexión - reiniciando en 5s.",

        "board_on_port": " AVR en el puerto ",
        "board_is_connected": " está conectado",
        "board_connection_error": " Conexión errónea del AVR en el puerto ",
        "board_connection_error2": ", porfavor, comprueba si está conectado o no",

        "mining_start": " El hilo de minado AVR está empezando",
        "mining_algorithm": " usando el algoritmo DUCO-S1A (",
        "mining_avr_connection_error": " ¡Error tratando de conectarse al AVR! Reintentando en 10s",
        "mining_avr_not_responding": " Arduino se está tomando más tiempo del que se esperaba, enviándole un nuevo trabajo ",
        "internal_server_error": " Error interno del servidor.",
        "retrying": " Reintentando en 10s",
        "mining_user": " Usuario ",
        "mining_not_exist": " no existe.",
        "mining_not_exist_warning": " Comprueba que has introducido el nombre de usuario correctamente. Porfavor, comprueba tu archivo de configuración. Reintentando en 10s",

        "load_config_error": " Error cargando el archivo de configuración (",
        "load_config_error_warning": "/Miner_config.cfg). Prueba eliminándolo y volviendo a ejecutar la configuración. Saliendo en 10s"
    },
      "german": {
        "translation_autor": "BastelPichi, lulkas, EinWildesPanda",
        "sigint_detected": " SIGINT erkannt - Schliesse Miner.",
        "goodbye": " Bis bald!",
        "greeting_morning": "Guten Morgen!",
        "greeting_noon": "Guten Mittag",
        "greeting_afternoon": "einen schönen Nachmittag!",
        "greeting_evening": "Einen schönen Abend",
        "greeting_back": "Willkommen zurück",

        "banner": "Offizieller Duino-Coin © AVR Miner",
        "donation_level": "Entwickler-Spendelevel: ",
        "avr_on_port": "AVR board(s) auf dem/n Port(s): ",
        "algorithm": "Algorithmus: ",
        "rig_identifier": "Rig Identifikation: ",

        "basic_config_tool": "\nDuino-Coin simples Konfigurationstool\nBearbeite ",
        "edit_config_file_warning": "/Miner_config.cfg wenn du Einstellungen ändern möchtest.",
        "dont_have_account": "Du hast noch keinen Duino-Coin Account? Benutze ",
        "wallet": "Wallet",
        "register_warning": " um dich zu registrieren.\n",

        "ask_username": "Gib deinen Duino-Coin Benutzernamen ein: ",
        "ports_message": "Das Konfigurationstool hat Arduinos auf folgenden Ports gefunden:",
        "ports_notice": "Wenn du dein Board hier nicht sehen kannst, prüfe ob dein Board richtig verbunden ist und ob das Skript die erforderlichen Rechte hat(admin/sudo rechte).",
        "ask_avrport": "Gib den seriellen Port an, den du benutzen möchtest (z.B. COM1 (Windows) oder /dev/ttyUSB1 (Linux)): ",
        "ask_anotherport": "Möchtest du ein weiteres Board hinzufügen? (y/N): ",
        "ask_higherdiff": " Möchtest du die höhere Schwierigkeit benutzen? (nur für Arduino DUE Boards) (y/N): ",
        "ask_rig_identifier": "Möchtest du eine Identifikation (Name) zu diesem Rig hinzufügen? (y/N) ",
        "ask_rig_name": "Gib deinen gewünschten Rig Namen ein: ",
        "ask_donation_level": "Setze Entwickler-Spendenlevel (0-5) (empfohlen: 1), Dies wird deinen Ertrag nicht verändern: ",

        "config_saved": "Konfiguration gespeichert! Starte den Miner...",

        "free_network_warning": " Duino-Coin ist immer kostenlos und wird es auch bleiben.",
        "donate_warning": "\nWir nehmen keine Gebühren, wenn du schürfst.\nDu kannst uns mit der Weiterentwicklung helfen, indem du spendest.\nBesuche ",
        "learn_more_donate": " um zu lernen wie du helfen kannst :)",
        "starting_donation": "Starte Spendeminer",
        "thanks_donation": " Danke, dass du spendest ❤️ Deine Spende hilft uns den Server zu verwalten und Duino-Coin weiterzuentwickeln",

        "data_error": " Fehler beim Empfangen der Daten von GitHub! Neuversuch in 10s.",
        "connected": " Verbunden",
        "connected_server": " mit dem Haupt-Server (v",
        "outdated_miner": " Miner ist nicht mehr aktuell! (v",
        "server_is_on_version": " Server ist auf Version",
        "update_warning": ", Bitte lade die neuste Version hier herunter: https://github.com/revoxhere/duino-coin/releases/",
        "connecting_error": " Fehler beim Verbinden mit dem Server. Neuversuch in 10s",

        "duco_avr_miner": "Duino-Coin AVR Miner (v",
        "accepted_shares": "akzeptierte Shares",
        "accepted": " Akzeptiert ",
        "block_found": " Block gefunden ",
        "rejected": " Abgelehnt ",
        "error_while_mining": " Fehler beim Minen – wahrscheinlich ein Verbindungsfehler - Neustart in 5s.",

        "board_on_port": " AVR-Board auf Port ",
        "board_is_connected": " ist verbunden",
        "board_connection_error": " AVR Verbindungsfehler auf Port ",
        "board_connection_error2": ", bitte stelle sicher, dass das Board angesteckt ist ",

        "mining_start": " AVR mining thread startet ",
        "mining_algorithm": " mit DUCO-S1A Algorithmus (",
        "mining_avr_connection_error": " Fehler beim Verbinden mit dem AVR! Neuversuch in 10s",
        "mining_avr_not_responding": " Arduino braucht zu lange, neuer Job wird gesendet ",

        "internal_server_error": " Interner Serverfehler.",
        "retrying": " Neuversuch in 10s",
        "mining_user": " Benutzer ",
        "mining_not_exist": " existiert nicht.",
        "mining_not_exist_warning": " Stelle sicher, dass der Benutzername korrekt geschrieben wurde. Überprüfe deine Konfigurationsdatei. Neuversuch in 10s",
        "load_config_error": " Fehler beim Laden der Konfigurationsdatei (",
        "load_config_error_warning": "/Miner_config.cfg). Versuche sie zu entfernen und neu zu konfigurieren. Miner schließt in 10s",
        "connection_search": "Suche nach der schnellsten Verbindung zu dem Server"
    },
    "french": {
        "translation_autor": "Bilaboz",
        "sigint_detected": " SIGINT détecté - Fermeture...",
        "goodbye": " A bientôt!",
        "greeting_morning": "J'espère que vous passez une bonne matinée!",
        "greeting_noon": "J'espère que vous passez un bon après-midi",
        "greeting_afternoon": "J'espère que vous passez un bon après-midi",
        "greeting_evening": "Passez une bonne soirée!",
        "greeting_back": "Content de te revoir",

        "banner": "Mineur Officiel AVR Duino-Coin ©",
        "donation_level": "Niveau de donation pour le développeur: ",
        "avr_on_port": "Carte(s) AVR sur les port(s): ",
        "algorithm": "Algorithme: ",
        "rig_identifier": "Nom du mineur/rig: ",

        "basic_config_tool": "\nEditeur de configuration Duino-Coin\nEditez ",
        "edit_config_file_warning": "le fichier /Miner_config.cfg si vous voulez changer votre configuration ultérieurement.",
        "dont_have_account": "Vous n'avez pas encore de compte Duino-Coin? Utilisez ",
        "wallet": "Wallet",
        "register_warning": " pour en créer un.\n",
        "ask_username": "Entrez votre nom d'utilisateur Duino-Coin: ",
        "ports_message": "L'outil de configuration a trouvé les ports suivants:",
        "ports_notice": "Si vous ne voyez pas votre carte ici, vérifier si elle est bien connectée et que le programme y a accès (permissions admin/sudo).",
        "ask_avrport": "Entrez le port sur lequel est branché votre carte (e.g. COM1 (Windows) or /dev/ttyUSB1 (Unix)): ",
        "ask_anotherport": "Voulez vous ajouter une autre carte? (y/N): ",
        "ask_higherdiff": "Voulez vous utiliser une difficulté plus haute (seulement pour les cartes Arduino DUE) (y/N): ",
        "ask_rig_identifier": "Voulez vous ajouter un indentifieur (un nom) à ce mineur/rig? (y/N) ",
        "ask_rig_name": "Entrez le nom du mineur/rig désiré: ",
        "ask_donation_level": "Choisissez le niveau de donation (0-5) (recommandé: 1), cela ne réduira pas vos gains: ",
        "config_saved": "Configuration sauvegardée! Lancement du mineur",

        "free_network_warning": " Le réseau Duino-Coin est un service complètement gratuit et le sera toujours",
        "donate_warning": "\nNous ne prélevons aucun frais sur votre minage.\nVous pouvez nous aider à maintenir le serveur et garder un exchange avec peu de frais en activant la donation.\nVisitez ",
        "learn_more_donate": " pour en apprendre plus sur comment vous pouvez nous aider :)",
        "starting_donation": "Démarrage du service de donation",
        "thanks_donation": " Merci d'être un super donateur ❤️ Votre don nous aidera a maintenir le serveur et permettra un développement ultérieur",

        "data_error": " Erreur lors de la récupération des données depuis GitHub! Nouvel essai dans 10s.",
        "connected": " Connecté",
        "connected_server": " au serveur principal Duino-Coin (v",
        "outdated_miner": " Mineur obsolète (v",
        "server_is_on_version": " le serveur est en v",
        "update_warning": ", vous pouvez télécharger la nouvelle version ici https://github.com/revoxhere/duino-coin/releases/",
        "connecting_error": " Impossible de se connecter au serveur. Nouvel essai dans 10s",

        "duco_avr_miner": "Duino-Coin AVR Miner (v",
        "accepted_shares": " shares acceptées",
        "accepted": " Accepté ",
        "block_found": " Block trouvé ",
        "rejected": " Refusé ",
        "error_while_mining": " Erreur durant le minage - probablement une erreur de connexion - Redémarrage dans 5s.",

        "board_on_port": " La carte AVR sur le port ",
        "board_is_connected": " est connectée",
        "board_connection_error": " Erreur de connexion à la carte AVR sur le port ",
        "board_connection_error2": ", veuillez vérifiez si elle est bien branchée",

        "mining_start": " Le thread de minage AVR est en train de démarrer",
        "mining_algorithm": " en utilisant l'algorithme DUCO-S1A (",
        "mining_avr_connection_error": " Erreur lors de la connexion à la carte AVR! Nouvel essai dans 10s",
        "mining_avr_not_responding": " La carte AVR prend plus de temps que prévu, envoi d'un nouveau travail ",
        "internal_server_error": " Erreur interne au serveur.",
        "retrying": " Nouvel essai dans 10s",
        "mining_user": " L'utilisateur ",
        "mining_not_exist": " n'existe pas.",
        "mining_not_exist_warning": " Vérifiez que vous avez correctement entré votre nom d'utilisateur dans le fichier de configuration. Nouvel essai dans 10s",

        "load_config_error": " Erreur durant le chargement du fichier de configuration (",
        "load_config_error_warning": "/Miner_config.cfg). Essayer de le supprimer et relancer le mineur. Fermeture du programme dans 10s",
        "connection_search": "Recherche du serveur le plus rapide"
    },
    "slovak": {
        "translation_autor": "JoyBed",
        "sigint_detected": " Ukoncujem.",
        "goodbye": " Dovidenia!",
        "greeting_morning": "Prajem prijemne rano",
        "greeting_noon": "Prajem chutny obed",
        "greeting_afternoon": "Prajem mierumilovne poobedie",
        "greeting_evening": "Prajem pohodlny vecer",
        "greeting_back": "Vitaj naspat",

        "banner": "Oficialny Duino-Coin © AVR Miner",
        "donation_level": "Uroven prispevku pre vyvojarov: ",
        "avr_on_port": "AVR doska(y) na porte(och): ",
        "algorithm": "Algoritmus: ",
        "rig_identifier": "Rig identifikator: ",

        "basic_config_tool": "\nDuino-Coin zakladne nastavenie\nEdit ",
        "edit_config_file_warning": "/Miner_config.cfg subor neskor pre zmenu.",
        "dont_have_account": "Nemas Duino-Coin ucet? Pouzi ",
        "wallet": "Penazenka",
        "register_warning": " na zaregistrovanie na serveri.\n",
        "ask_username": "Zadaj svoje Duino-Coin meno: ",
        "ports_message": "Nastroj nasiel na nasledujucich portoch:",
        "ports_notice": "Ked tu nevidite svoju dosku, uistite sa ze je spravne pripojena a program k nej ma pristup (admin/sudo prava).",
        "ask_avrport": "Zapiste port svojej dosky (napr. COM1 (Windows) alebo /dev/ttyUSB1 (Unix/Linux)): ",
        "ask_anotherport": "Chcete pridat dalsiu dosku? (y/N): ",
        "ask_higherdiff": "Chcete pouzit vyssiu obtiaznost? (iba pre Arduino DUE dosku) (y/N): ",
        "ask_rig_identifier": "Chcete priradit meno tomuto rigu? (y/N) ",
        "ask_rig_name": "Zadajte meno rigu: ",
        "ask_donation_level": "Zadajte uroven prispievania (0-5) (odporucane: 1), neznizi to vas zisk: ",
        "config_saved": "Nastavenie ulozene! Spusta sa miner",

        "free_network_warning": " Duino-Coin je uplne bez poplatkov a vzdy aj bude",
        "donate_warning": "\nNeberieme ziadne poplatky z vasho miningu.\nNaozaj na pomozete vasim stedrym prispevkom.\nNavstivte ",
        "learn_more_donate": " aby ste yistili viac a aj ako nam mozete pomoct :)",
        "starting_donation": "Zacina sa prispevkovy program",
        "thanks_donation": " Dakujeme za vas stedry prispevok ❤️ Vas prispevok nam pomoze udrzat server v chode tak ako je teraz.",

        "data_error": " Chyba stahovania dat z GitHubu! Odznova o 10s.",
        "connected": " Pripojene",
        "connected_server": " na hlavny Duino-Coin server (v",
        "outdated_miner": " Miner je zastarany (v",
        "server_is_on_version": " server na v",
        "update_warning": ", stiahnite si najnovsiu verziu z https://github.com/revoxhere/duino-coin/releases/",
        "connecting_error": " Chyba pri pripajany na server. Odznova o 10s",

        "duco_avr_miner": "Duino-Coin AVR Miner (v",
        "accepted_shares": " prijate riesenia",
        "accepted": " Prijate ",
        "block_found": " Blok najdeny ",
        "rejected": " Odmietnuty ",
        "error_while_mining": " Chyba pocas miningu - pravdepodobne chyba pripojenia - restart za 5s.",

        "board_on_port": " AVR na poste ",
        "board_is_connected": " je pripojena",
        "board_connection_error": " AVR pripojenie chybne na porte ",
        "board_connection_error2": ", skontrolujte ci je pripojene alebo nie.",

        "mining_start": " AVR mining sa zacina na ",
        "mining_algorithm": " pouzitim DUCO-S1A algoritmu (",
        "mining_avr_connection_error": " Chyba pripojenia k AVR! Odznova o 10s",
        "mining_avr_not_responding": " Arduino dlho neodpoveda, posielam novu pracu ",
        "internal_server_error": " Vnutorna chyba serveru.",
        "retrying": " Odznova o 10s",
        "mining_user": " Uzivatel ",
        "mining_not_exist": " Neexistuje.",
        "mining_not_exist_warning": " Skontrolujte ci mate spravne zadane meno. Skontrolujte konfiguracny subor. Odznova o 10s",

        "load_config_error": " chyba nacitavania konfiguracneho suboru (",
        "load_config_error_warning": "/Miner_config.cfg). Skuste ho odstranit a spustit odznova konfiguraciu. Ukoncenie o 10s"
    },
    "english": {
        "translation_autor": "Duino-Coin developers",
        "sigint_detected": " SIGINT detected - Exiting gracefully.",
        "goodbye": " See you soon!",
        "greeting_morning": "Have a wonderful morning",
        "greeting_noon": "Have a tasty noon",
        "greeting_afternoon": "Have a peaceful afternoon",
        "greeting_evening": "Have a cozy evening",
        "greeting_back": "Welcome back",
        "banner": "Official Duino-Coin © AVR Miner",
        "donation_level": "Developer donation level: ",
        "avr_on_port": "AVR board(s) on port(s): ",
        "algorithm": "Algorithm: ",
        "rig_identifier": "Rig identifier: ",
        "basic_config_tool": "\nDuino-Coin basic configuration tool\nEdit ",
        "edit_config_file_warning": "/Miner_config.cfg file later if you want to change it.",
        "dont_have_account": "Don't have an Duino-Coin account yet? Use ",
        "wallet": "Wallet",
        "register_warning": " to register on server.\n",
        "ask_username": "Enter your Duino-Coin username: ",
        "ports_message": "Configuration tool has found the following ports:",
        "ports_notice": "If you can't see your board here, make sure the it is properly connected and the program has access to it (admin/sudo rights).",
        "ask_avrport": "Enter your board serial port (e.g. COM1 (Windows) or /dev/ttyUSB1 (Unix)): ",
        "ask_anotherport": "Do you want to add another board? (y/N): ",
        "ask_higherdiff": "Do you want to use a higher difficulty (only for Arduino DUE boards) (y/N): ",
        "ask_rig_identifier": "Do you want to add an identifier (name) to this rig? (y/N) ",
        "ask_rig_name": "Enter desired rig name: ",
        "ask_donation_level": "Set developer donation level (0-5) (recommended: 1), this will not reduce your earnings: ",
        "config_saved": "Config saved! Launching the miner",
        "free_network_warning": " Duino-Coin network is a completely free service and will always be",
        "donate_warning": "\nWe don't take any fees from your mining.\nYou can really help us maintain the server and low-fee exchanges by donating.\nVisit ",
        "learn_more_donate": " to learn more about how you can help :)",
        "starting_donation": "Starting donation process",
        "thanks_donation": " Thank You for being an awesome donator ❤️ Your donation will help us maintain the server and allow further development",
        "data_error": " Error retrieving data from GitHub! Retrying in 10s.",
        "connected": " Connected",
        "connected_server": " to master Duino-Coin server (v",
        "outdated_miner": " Miner is outdated (v",
        "server_is_on_version": " server is on v",
        "update_warning": ", please download latest version from https://github.com/revoxhere/duino-coin/releases/",
        "connecting_error": " Error connecting to the server. Retrying in 10s",
        "duco_avr_miner": "Duino-Coin AVR Miner (v",
        "accepted_shares": " accepted shares",
        "accepted": " Accepted ",
        "block_found": " Block found ",
        "rejected": " Rejected ",
        "error_while_mining": " Error while mining - most likely a connection error - restarting in 5s.",
        "board_on_port": " AVR on port ",
        "board_is_connected": " is connected",
        "board_connection_error": " AVR connection error on port ",
        "board_connection_error2": ", please check whether it's plugged in or not",
        "mining_start": " AVR mining thread is starting",
        "mining_algorithm": " using DUCO-S1A algorithm (",
        "mining_avr_connection_error": " Error connecting to the AVR! Retrying in 10s",
        "mining_avr_not_responding": " Arduino is taking longer than expected, sending it a new job ",
        "internal_server_error": " Internal server error.",
        "retrying": " Retrying in 10s",
        "mining_user": " User ",
        "mining_not_exist": " doesn't exist.",
        "mining_not_exist_warning": " Make sure you've entered the username correctly. Please check your config file. Retrying in 10s",
        "load_config_error": " Error loading the configfile (",
        "load_config_error_warning": "/Miner_config.cfg). Try removing it and re-running configuration. Exiting in 10s",
        "connection_search": "Searching for the fastest node to connect to"
    },
    "italian": {
        "translation_autor": "Il mastro Stefanuzzo (no spaces on GitHub)",
        "sigint_detected": " SIGINT rilevato - Uscita dal programma.",
        "goodbye": " A presto!",
        "greeting_morning": "Passa una buona mattinata",
        "greeting_noon": "Passa una buon mezzogiorno",
        "greeting_afternoon": "Passa un traquillo pomeriggio",
        "greeting_evening": "Buona serata",
        "greeting_back": "Bentornato",
        "banner": "Official Duino-Coin © AVR Miner",
        "donation_level": "Livello di donazione agli sviluppatori: ",
        "avr_on_port": "Scheda/e AVR presso porta/e: ",
        "algorithm": "Algoritmo: ",
        "rig_identifier": "Identificatore del rig: ",
        "basic_config_tool": "\nStrumento base di configurazione Duino-Coin\nModifica ",
        "edit_config_file_warning": "/Miner_config.cfg più tardi se vuoi cambiarlo.",
        "dont_have_account": "Non hai ancora un account Duino-Coin? Usa ",
        "wallet": "Portafoglio (Wallet)",
        "register_warning": " per registrarti sul server.\n",
        "ask_username": "Inserisci il tuo nome utente di Duino-Coin: ",
        "ports_message": "Lo strumento di configurazione ha trovato le seguenti porte:",
        "ports_notice": "Se non vedi la tua scheda qui, assicurati che sia conenssa correttamente e che il programma vi abbia ccesso (permessi admin/sudo).",
        "ask_avrport": "Inserisci la porta seriale della tua scheda (es: COM1 (Windows) oppure /dev/ttyUSB1 (Unix)): ",
        "ask_anotherport": "Vuoi usare u'altra scheda? (y/N): ",
        "ask_higherdiff": "Vuoi utilizzare una difficoltà più alta? (solo su schede Arduino DUE) (y/N): ",
        "ask_rig_identifier": "Vuoi aggiungere un identificatore (nome) a questo rig? (y/N) ",
        "ask_rig_name": "Inserisci il nome desiderato per il rig: ",
        "ask_donation_level": "Imposta il livello di donazione agli sviluppatori (0-5) (raccomandato: 1), ciò non ridurrà i tuoi guadagni: ",
        "config_saved": "Configurazione salvata! Avvio del miner",
        "free_network_warning": " La rete du Duino-Coin è un servizio completamente gratuito e lo sarà per sempre",
        "donate_warning": "\nNon prendiamo alcuna quota del tuo mining.\nPuoi aiutarci ampiamente a mantenere i server e le conversioni di valuta a basse tasse donando.\nVisita ",
        "learn_more_donate": " per scoprire di più su come puoi aiutare :)",
        "starting_donation": "Inizio del processo di donazione",
        "thanks_donation": " Grazie di essere un fantastico donatore ❤️ La tua donazione ci aiuterà a mantenere i server e permetterà di continuare lo sviluppo",
        "data_error": " Errore nell'ottenere dati da GitHub! Nuovo tentativo in 10s.",
        "connected": " Connesso",
        "connected_server": " al server master Duino-Coin (v",
        "outdated_miner": " Il miner non è aggiornato (v",
        "server_is_on_version": " il server è sulla versione v",
        "update_warning": ", per favore scarica l'ultima versione da https://github.com/revoxhere/duino-coin/releases/",
        "connecting_error": " Errore nella connessione al server. Nuovo tentativo in 10s",
        "duco_avr_miner": "Miner AVR Duino-Coin (v",
        "accepted_shares": " condivisioni accettate",
        "accepted": " Accettato ",
        "block_found": " Blocco trovato ",
        "rejected": " Rifiutato ",
        "error_while_mining": " Errore durante il mining - molto probabilmente un problema di connessione - riavvio in 5s.",
        "board_on_port": " AVR presso porta ",
        "board_is_connected": " connesso",
        "board_connection_error": " Errore di connessione AVR presso porta ",
        "board_connection_error2": ", per favore controlla se è inserito o no",
        "mining_start": " Thread di mining AVR in avvio",
        "mining_algorithm": " algoritmo DUCO-S1A in uso (",
        "mining_avr_connection_error": " Errore nella connessione all'AVR! Nuovo tentativo in 10s",
        "mining_avr_not_responding": " L'Arduino ci sta impiegando più del previsto, invio di un nuovo lavoro ",
        "internal_server_error": " Errore interno del server.",
        "retrying": " Nuovo tentativo in 10s",
        "mining_user": " Utente ",
        "mining_not_exist": " non esiste.",
        "mining_not_exist_warning": " Assicurati di aver inserito il nome utente correttamente. Per favore controlla il tuo file di configurazione. Nuovo tentativo in 10s",
        "load_config_error": " Errore nel caricare il file di configurazione (",
        "load_config_error_warning": "/Miner_config.cfg). Prova a rimuovero e a rieseguire la configurazione. Uscita in 10s",
        "local_transactions_list": "Lista delle Transazioni Locali",
        "local_transactions_list_warning": "Avviso Lista delle Transazioni Locali"
    },
    "chinese_simplified": {
        "translation_autor": "suifengtec",
        "sigint_detected": "检测到 SIGINT - 优雅退出.",
        "goodbye": " 待会儿见!",
        "greeting_morning": "早上好啊!",
        "greeting_noon": "中午好",
        "greeting_afternoon": "下午好",
        "greeting_evening": "祝您有个舒适的夜晚",
        "greeting_back": "欢迎回来",
        "banner": "官方版 Duino-Coin © AVR 矿工",
        "donation_level": "开发者贡献等级: ",
        "avr_on_port": "AVR 板在端口: ",
        "algorithm": "算法: ",
        "rig_identifier": "矿机标识符: ",
        "basic_config_tool": "\nDuino-Coin 基础配置工具\n编辑 ",
        "edit_config_file_warning": "/如果要更改 Miner_config.cfg 文件，请稍后。",
        "dont_have_account": "还没有Duino-Coin帐户吗？ 使用 ",
        "wallet": "钱包",
        "register_warning": " 在服务器上注册个。\n",
        "ask_username": "输入您的 Duino-Coin 用户名: ",
        "ports_message": "配置工具找到了如下端口:",
        "ports_notice": "如果您在这里看不到您的板，请确保已正确连接，并且程序可以访问它（管理员sudo权限）。",
        "ask_avrport": "输入您的板子连接的串口 (如 COM1 (Windows) 或 /dev/ttyUSB1 (Unix)): ",
        "ask_anotherport": "想要连接另外一块板子吗? (y/N): ",
        "ask_higherdiff": "您是否要使用更高的难度（仅适用于Arduino DUE板） (y/N): ",
        "ask_rig_identifier": "您是否要向该矿机添加标识符（名称）? (y/N) ",
        "ask_rig_name": "输入您想要的矿机名称: ",
        "ask_donation_level": "将开发者捐赠级别设置为（0-5）（建议：1），这不会减少您的收入: ",
        "config_saved": "配置已保存！可以挖矿了",
        "free_network_warning": " Duino-Coin网络是一项完全免费的服务，并将永远是",
        "donate_warning": "\n我们不会从您的采矿中收取任何费用。\n您可以通过捐赠来真正帮助我们维护服务器和低价交易。\n访问 ",
        "learn_more_donate": " 以进一步了解如何提供帮助 :)",
        "starting_donation": "开始捐赠过程",
        "thanks_donation": " 感谢您成为帅气或美丽的捐赠者 ❤️ \n您的捐款将帮助我们维护服务器并以及进一步开发该项目",
        "data_error": " 从GitHub检索数据时出错！ 10秒后重试。",
        "connected": " 已连接",
        "connected_server": " 到 Duino-Coin 主服务器 (v",
        "outdated_miner": " 挖矿软件已经过期了 (v",
        "server_is_on_version": " 服务器上的版本是 v",
        "update_warning": ", 请从 https://github.com/revoxhere/duino-coin/releases/ 下载最新的版本",
        "connecting_error": " 连接服务器时出错。 10s重试。",
        "duco_avr_miner": "Duino-Coin AVR 矿工 (v",
        "accepted_shares": "已接受的份额",
        "accepted": " 已接受 ",
        "block_found": " 找到块 ",
        "rejected": " 已拒绝 ",
        "error_while_mining": " 挖矿时出错-最有可能是连接错误-将在5秒钟内重新启动。",
        "board_on_port": " AVR 在端口 ",
        "board_is_connected": " 已连接",
        "board_connection_error": " AVR 连接错误,在端口 ",
        "board_connection_error2": ",请检查是否已插入",
        "mining_start": " AVR 挖矿线程已启动",
        "mining_algorithm": " 使用 DUCO-S1A 算法 (",
        "mining_avr_connection_error": " 连接 AVR 时出错了!  将在10秒内重试",
        "mining_avr_not_responding": " Arduino花费了比预期更长的时间，所以给它分配了新的任务 ",
        "internal_server_error": " 内部服务器错误.",
        "retrying": " 将在10秒内重试",
        "mining_user": " 用户 ",
        "mining_not_exist": " 不存在。",
        "mining_not_exist_warning": " 确保您正确输入了用户名。请检查您的配置文件。 将在10秒内重试",
        "load_config_error": " 载入配置文件时出错了 (",
        "load_config_error_warning": "/Miner_config.cfg)。请尝试删除它,再次配置。将在10秒内退出",
        "local_transactions_list": "本地交易列表",
        "local_transactions_list_warning":"本地交易列表提示"
    },
    "portuguese": {
        "translation_autor": "bonsai",
        "sigint_detected": " SIGINT detectado - Saindo corretamente.",
        "goodbye": " Até!",
        "greeting_morning": "Bom dia",
        "greeting_noon": "Bom dia",
        "greeting_afternoon": "Boa tarde",
        "greeting_evening": "Boa noite",
        "greeting_back": "Bem vindo de volta",

        "banner": "Oficial Duino-Coin © AVR Miner",
        "donation_level": "Nivel de doação as desenvolvedores: ",
        "avr_on_port": "Placa(s) AVR(s) nas portas: ",
        "algorithm": "Algoritmo: ",
        "rig_identifier": "Nome da rig: ",

        "basic_config_tool": "\nFerramenta de configuração básica do Duino-Coin\nEdita ",
        "edit_config_file_warning": "Se você quiser trocar as configurações mais tarde /Miner_config.cfg é o arquivo.",
        "dont_have_account": "Você já tem uma conta no Duino-Coin? Se sim use-a.",
        "wallet": "Carteira",
        "register_warning": " Para se registrar no servidor.\n",
        "ask_username": "Seu nome na Duino-Coin: ",
        "ports_message": "Duranta a configuração foram descobertas essas portas:",
        "ports_notice": "Se não está conseguindo ver sua placa, talvez você possa a ve-la usando os comandos (admin/sudo).",
        "ask_avrport": "Ponha o serial de sua placa(ej. COM1 (Windows) o /dev/ttyUSB1 (Unix)): ",
        "ask_anotherport": "Deseja adicionar outra placa? (y/N): ",
        "ask_higherdiff": "Deseja usar uma dificuldade mais alta? (solo para las placas Arduino DUE) (y/N): ",
        "ask_rig_identifier": "Você quer dar um nome (name) a esta rig? (y/N) ",
        "ask_rig_name": "Digite o nome desejado: ",
        "ask_donation_level": "Quantidaded de doação (0-5) (recomendado: 1), a escolha não redusirá seus ganhos: ",
        "config_saved": "Configuração feita com sucesso! Começando a minerar",

        "free_network_warning": "Duino-Coin é uma plataforma gratuita e sempre será.",
        "donate_warning": "\nNão recebemos nada pela sua mineração.\nSe quiser nos ajudar, doe em nosso site.\nVisite ",
        "learn_more_donate": " para saber como nos ajudar :)",
        "starting_donation": "Iniciando o processo de doação.",
        "thanks_donation": " Obrigado por doar ❤️ Seu apoio, idependente do tamanho ajuda muito.",
        "data_error": " Erro ao tentar extrair os arquivos do GitHub! Tentando novamente em 10s.",
        "connected": " Conectado",
        "connected_server": " ao servidor principal do Duino-Coin (v",
        "outdated_miner": " seu minerador está desatualizado (v",
        "server_is_on_version": " o servidor está na versão",
        "update_warning": ", por favor baixe a ultima versão no https://github.com/revoxhere/duino-coin/releases/",
        "connecting_error": " Erro ao tentar se conectar ao servidor. Tentando novamente em 10s",

        "duco_avr_miner": "Minero AVR Duino-Coin (v",
        "accepted_shares": " shares aceitas",
        "accepted": " Aceito ",
        "block_found": " Bloco encontrado ",
        "rejected": " Recusado ",
        "error_while_mining": " Erro ao tentar minerar - provavelmente é um erro de conexão - tentando novamente em 5s.",

        "board_on_port": " O AVR da porta ",
        "board_is_connected": " está conectado",
        "board_connection_error": " AVR não está conectado nesta porta ",
        "board_connection_error2": ", por favor, confira se ele está conectado nessa porta",

        "mining_start": " O AVR está começando a minerar",
        "mining_algorithm": " usando o algoritimo DUCO-S1A (",
        "mining_avr_connection_error": " Erro ao tentar se conectar ao AVR! Tentando novamente em 10s",
        "mining_avr_not_responding": " Arduino demorou mais do que o esperado, começando um novo trabalho ",
        "internal_server_error": " Erro interno do servidor.",
        "retrying": " Tentando novamente em 10s",
        "mining_user": " Usuario ",
        "mining_not_exist": " não existe.",
        "mining_not_exist_warning": " Usuario incorreto, confira-o. Tentando novamente em 10s",

        "load_config_error": " Erro ao carregar o arquivo de configuração (",
        "load_config_error_warning": "/Miner_config.cfg). Remova-o e tente novamente. Desligando em 10s"
    },
    "turkish": {
        "translation_autor": "Scatchie",
        "sigint_detected": " SIGINT algılandı - Çıkış yapılıyor.",
        "goodbye": " Görüşmek üzere!",
        "greeting_morning": "Günaydın",
        "greeting_noon": "İyi öğlenler",
        "greeting_afternoon": "İyi günler",
        "greeting_evening": "İyi akşamlar",
        "greeting_back": "Tekrar hoş geldiniz",
        "banner": "Resmi Duino-Coin © AVR Madencisi",
        "donation_level": "Geliştirici bağış seviyesi: ",
        "avr_on_port": "Portlardaki AVR kartları: ",
        "algorithm": "Algoritma: ",
        "rig_identifier": "Donanım tanımlayıcı: ",
        "basic_config_tool": "\nDuino-Coin yapılandırma aracı\nEğer daha sonra ayarları değiştirmek isterseniz ",
        "edit_config_file_warning": "/Miner_config.cfg dosyasını düzenleyin.",
        "dont_have_account": "Henüz bir Duino-Coin hesabınız yok mu? ",
        "wallet": "Cüzdan",
        "register_warning": " ile sunucuya kayıt olun.",
        "ask_username": "Duino-Coin kullanıcı adınızı girin: ",
        "ports_message": "Yapılandırma aracı belirtilen portları buldu:",
        "ports_notice": "Kartınızı burada göremiyorsanız, doğru şekilde bağlandığından ve uygulamanın erişimi olduğundan emin olun (admin/sudo hakları).",
        "ask_avrport": "Kartınızın seri portunu girin (örn. COM1 (Windows) veya /dev/ttyUSB1 (Unix)): ",
        "ask_anotherport": "Başka bir kart eklemek ister misiniz? (y/N): ",
        "ask_higherdiff": "Daha yüksek bir zorluk seviyesi kullanmak ister misiniz? (sadece Arduino DUE kartları için) (y/N): ",
        "ask_rig_identifier": "Bu donanıma bir tanımlayıcı (isim) eklemek ister misiniz? (y/N) ",
        "ask_rig_name": "İstediğiniz donanım adını girin: ",
        "ask_donation_level": "Geliştirici bağış seviyesi (0-5) (önerilen: 1), bu kazancınızı etkilemeyecektir: ",
        "config_saved": "Ayarlar kaydedildi! Madenci başlatılıyor",
        "free_network_warning": " Duino-Coin ağı ücretsiz bir hizmettir ve her zaman ücretsiz olacaktır",
        "donate_warning": "\nMadencilik kazancınızdan komisyon almıyoruz.\nSunucuyu geliştirmemize ve daha iyi hizmet sağlamamıza katkıda bulunmak için ",
        "learn_more_donate": " adresini ziyaret edin :)",
        "starting_donation": "Bağış işlemi başlatılıyor",
        "thanks_donation": " Harika bir bağışçı olduğunuz için teşekkürler ❤️ Bağışınız sunucuyu geliştirmemize ve daha iyi hizmet sağlamamıza katkıda bulunacaktır",
        "data_error": " GitHub'dan veri alınırken hata meydana geldi! 10 saniye içerisinde yeniden deneniyor.",
        "connected": " Bağlanıldı:",
        "connected_server": " ana Duino-Coin sunucusu (v",
        "outdated_miner": " Eski sürüm bir madenci kullanıyorsunuz (v",
        "server_is_on_version": " sunucu sürümü v",
        "update_warning": ", lütfen şu adresten en güncel sürümü indirin: https://github.com/revoxhere/duino-coin/releases/",
        "connecting_error": " Sunucuya bağlanırken hata meydana geldi. 10 saniye içerisinde yeniden deneniyor",
        "duco_avr_miner": "Duino-Coin AVR Madencisi (v",
        "accepted_shares": " kabul edilen gönderimler",
        "accepted": " Kabul edilen ",
        "block_found": " Bulunan blok ",
        "rejected": " Reddedilen ",
        "error_while_mining": " Kazım yapılırken bir hata meydana geldi - bir bağlantı hatası olabilir - 5 saniye içerisinde yeniden başlatılıyor.",
        "board_on_port": " Port adresindeki AVR ",
        "board_is_connected": " bağlandı",
        "board_connection_error": " AVR bağlantı hatası, port adresi: ",
        "board_connection_error2": ", lütfen bağlı olup olmadığını kontrol edin",
        "mining_start": " AVR Madencilik işlemi başlıyor,",
        "mining_algorithm": " kullanılan algoritma: DUCO-S1A (",
        "mining_avr_connection_error": " AVR kartına bağlanırken bir hata meydana geldi! 10 saniye içerisinde yeniden deneniyor",
        "mining_avr_not_responding": " Arduino'nun yanıt vermesi çok uzun sürdü, yeni bir iş gönderiliyor ",
        "internal_server_error": " Sunucu hatası.",
        "retrying": " 10 saniye içerisinde yeniden deneniyor",
        "mining_user": " Kullanıcı ",
        "mining_not_exist": " mevcut değil.",
        "mining_not_exist_warning": " Kullanıcı adını doğru girdiğinizden emin olun. Lütfen ayar dosyanızı kontrol edin. 10 saniye içerisinde yeniden deneniyor",
        "load_config_error": " Ayar dosyasını yüklerken hata meydana geldi (",
        "load_config_error_warning": "/Miner_config.cfg). Dosyayı kaldırmayı ve yapılandırıcıyı tekrar çalıştırmayı deneyin. 10 saniye içerisinde çıkış yapılıyor",
        "local_transactions_list": "Lokal Aktarımlar",
        "local_transactions_list_warning": "Lokal Aktarımlar Listesi Uyarısı",
        "connection_search": "Sunuculara bağlanmak için en hızlı bağlantı aranıyor"
    },
    "azerbaijani": {
        "translation_autor": "Muhabbet Kuşu",
        "sigint_detected": " SIGINT algılandı - Çıxış yapılıyor.",
        "goodbye": "Tezliklə görüşürük!",
        "greeting_morning": "Gözəl bir sabahınız olsun!",
        "greeting_noon": "Dadlı bir günortanız olsun!",
        "greeting_afternoon": "Günortanız dinc olsun!",
        "greeting_evening": "Rahat bir axşam geçirin!",
        "greeting_back": "Xoş gəlmisiniz!",
        "banner": "Rəsmi Duino-Coin © Mədənçisi",
        "donation_level": "Geliştirici ianəsi səviyyəsi: ",
        "avr_on_port": "Portlardaki AVR kartları: ",
        "algorithm": "Alqoritm: ",
        "rig_identifier": "Donanım identifikatoru: ",
        "basic_config_tool": "\nDuino-Coin konfiqurasiya aracı\nAyarları daha sonra dəyişdirmək istəyirsinizsə",
        "edit_config_file_warning": "/Miner_config faylını dəyişdirin.",
        "dont_have_account": "Hələ Duino-Coin hesabınız yoxdur? ",
        "wallet": "Cüzdan",
        "register_warning": "ilə serverdə qeydiyyatdan keçin.",
        "ask_username": "Duino-Coin istifadəçi adınızı daxil edin: ",
        "ports_message": "Konfiqurasiya vasitəsi göstərilən portları tapdı:",
        "ports_notice": "Kartınızı burada görmürsənsə, düzgün bir şəkildə qoşulduğundan və tətbiqin girişinə (admin / sudo hüquqları) əmin olun.",
        "ask_avrport": "Kartınızın serial portunu daxil edin (məsələn, COM1 (Windows) və / dev / ttyUSB1 (Unix)): ",
        "ask_anotherport": "Başqa bir kart əlavə etmək istərdinizmi? (y / N): ",
        "ask_higherdiff": "Daha yüksək bir çətinlik səviyyəsindən istifadə etmək istəyirsiniz? (yalnız Arduino DUE lövhələri üçün) (y / N): ",
        "ask_rig_identifier": "Bu cihaza bir identifikator (ad) əlavə etmək istəyirsiniz? (Y / N) ",
        "ask_rig_name": "İstədiyiniz avadanlıq adını daxil edin: ",
        "ask_donation_level": "İnkişaf etdirrici bağış səviyyəsi (0-5) (tövsiyə olunur: 1), bu qazancınıza təsir göstərməyəcəkdir: ",
        "config_saved": "Ayarlar yadda saxlandı! Madenci başlayır",
        "free_network_warning": " Duino-Coin şəbəkəsi pulsuz bir xidmətdir və hər zaman pulsuz olacaqdır",
        "donate_warning": "\nMadencilik qazancınızdan komissiya almırıq.\nServerin təkmilləşdirilməsinə və daha yaxşı xidmət göstərməyimizə kömək etmək üçün ",
        "learn_more_donate": "  saytını ziyaret edin :)",
        "starting_donation": "Bağış prosesinə başladılıyor",
        "thanks_donation": " Mükəmməl donor olduğunuz üçün təşəkkür edirik ❤️ Bağışınız bizə serverin inkişafına və daha yaxşı xidmət göstərməyimizə kömək edəcəkdir.",
        "data_error": " GitHub'dan məlumat alınarkən səhv! 10 saniyədə yenidən cəhd edilyor.",
        "connected": " Bağlanıldı:",
        "connected_server": " ana Duino-Coin serveri (v",
        "outdated_miner": " Köhnə versiya minerindən istifadə edirsiniz (v",
        "server_is_on_version": " server versiyası v",
        "update_warning": ", zəhmət olmasa son versiyasını yükləyin: https://github.com/revoxhere/duino-coin/releases/",
        "connecting_error": " Serverə qoşularkən xəta baş verdi. 10 saniyədə yenidən cəhd ediliyor",
        "duco_avr_miner": "Duino-Coin AVR Mədənçisi (v",
        "accepted_shares": " qəbul edilmiş təqdimatlar",
        "accepted": " Qəbul edilen ",
        "block_found": " Blok tapıldı ",
        "rejected": " Rədd edilen ",
        "error_while_mining": " Qazma zamanı bir səhv baş verdi - bir bağlantı xətası ola bilər - 5 saniyədə yenidən başlayır.",
        "board_on_port": " Port adresindeki AVR ",
        "board_is_connected": " bağlandı",
        "board_connection_error": " AVR bağlantı xətası, port adresi: ",
        "board_connection_error2": ", bağlı olub olmadığını yoxlayın",
        "mining_start": " AVR mədən prosesi başlayır,",
        "mining_algorithm": " istifadə olunan alqoritm: DUCO-S1A(",
        "mining_avr_connection_error": " AVR lövhəsinə qoşularkən bir səhv baş verdi! 10 saniyədə yenidən cəhd ediliyor.",
        "mining_avr_not_responding": " Arduino cavab vermək üçün çox uzun çəkdi, yeni bir iş təqdim edirik. ",
        "internal_server_error": " Server xətası.",
        "retrying": " 10 saniyədə yenidən cəhd ediliyor",
        "mining_user": " İstifadəçi ",
        "mining_not_exist": " mövcud deyil.",
        "mining_not_exist_warning": " İstifadəçi adını düzgün daxil etdiyinizə əmin olun. Zəhmət olmasa ayarlar faylını yoxlayın. 10 saniyədə yenidən cəhd ediliyor.",
        "load_config_error": " Ayarlar faylı yüklənərkən xəta baş verdi (",
        "load_config_error_warning": "/Miner_config.cfg). Faylın silinmesini və yenidən konfiquratorun işləməsini sınayın. 10 saniyədə yenidən cəhd ediliyor",
        "connection_search": "Serverlərə ən sürətli bağlantı axtarılıyor"
    },
    "thai": {
        "translation_autor": "naphob",
        "sigint_detected": " ตรวจพบ SIGINT - จบการใช้งานอย่างปลอดภัย",
        "goodbye": " แล้วพบกันใหม่!",
        "greeting_morning": "อรุณสวัสดิ์",
        "greeting_noon": "มีช่วงเที่ยงที่มีรสชาติ",
        "greeting_afternoon": "มีช่วงบ่ายที่แสนสงบ",
        "greeting_evening": "มีช่วงเย็นที่แสนอบอุ่น",
        "greeting_back": "ยินดีต้อนรับกลับมา",
        "banner": "Duino-Coin อย่างเป็นทางหาร © เอวีอาร์ มายเนอร์",
        "donation_level": "ระดับการบริจาคให้นักพัฒนา: ",
        "avr_on_port": "เอวีอาร์ บอร์ด บนพอร์ต: ",
        "algorithm": "อัลกอริทึม: ",
        "rig_identifier": "ตัวระบุริก: ",
        "basic_config_tool": "\nDuino-Coin เครื่องมือการตั้งค่าพื้นฐาน\nแก้ไข ",
        "edit_config_file_warning": "ไฟล์ /Miner_config.cfg ภายหลังหากคุณต้องการแก้ไข",
        "dont_have_account": "ยังไม่มีบัญชี Duino-Coin ใช้งาน? ใช้ ",
        "wallet": "วอลเล็ท",
        "register_warning": " ลงทะเบียนบนเซิร์ฟเวอร์\n",
        "ask_username": "ใส่ชื่อผู้ใช้งาน Duino-Coin ของคุณ: ",
        "ports_message": "เครื่องมือการตั้งค่าถูกพบที่พอร์ตต่อไปนี้:",
        "ports_notice": "หากคุณไม่เห็นบอร์ดของคุณที่นี่, ตรวจสอบดูว่ามันถูกเชื่อมต่ออย่างเหมาะสมและโปรแกรมมีสิทธิเข้าถึง (สิทธิ admin/sudo)",
        "ask_avrport": "ใส่บอร์ดซีเรียลพอร์ตของคุณ (เช่น COM1 (วินโดว์) หรือ /dev/ttyUSB1 (ยูนิกซ์)): ",
        "ask_anotherport": "คุณต้องการเพิ่มบอร์ดอื่นอีก? (y/N): ",
        "ask_higherdiff": "คุณต้องการใช้ความยากระดับสูงขึ้น (สำหรับบอร์ด Arduino DUE เท่านั้น) (y/N): ",
        "ask_rig_identifier": "คุณต้องการเพิ่มตัวระบุ (ชื่อ) ริกนี้? (y/N) ",
        "ask_rig_name": "ใส่ชื่อริกที่ต้องการ: ",
        "ask_donation_level": "ตั้งค่าระดับการบริจาคให้นักพัฒนา (0-5) (แนะนำ: 1), รายได้ของคุณจะไม่ลดลง: ",
        "config_saved": "บันทึกการตั้งค่า! เริ่มการขุด",
        "free_network_warning": " เครือข่าย Duino-Coin เป็นบริการฟรีทั้งหมดและจะเป็นตลอดไป",
        "donate_warning": "\nเราไม่ได้ค่าธรรมเนียมจากการขุดของคุณ\nคุณสามารถช่วยพวกเราดูแลเซิร์ฟเวอร์และลดค่าธรรมเนียมการแลกเปลี่ยนด้่วยการบริจาค\nเยี่ยมขม ",
        "learn_more_donate": " เรียนรู้เพิ่มเติมว่าคุณจะช่วยอย่างไร :)",
        "starting_donation": "เริ่มขั้นตอนการบริจาค",
        "thanks_donation": " ขอบคุณที่เป็นผู้บริจาคที่สุดยอด ❤️ \nการบริจาคของคุณจะช่วยพวกเราดูแลเซิร์ฟเวอร์และการพัฒนาต่อไปข้างหน้า",
        "data_error": " ความผิดพลาดในการรับข้อมูลจาก GitHub! ลองใหม่ใน 10วิ",
        "connected": " เชื่อมต่อแล้ว",
        "connected_server": " ไปยังมาสเตอร์เซิร์ฟเวอร์ Duino-Coin (v",
        "outdated_miner": " มายเนอร์ตกรุ่น (v",
        "server_is_on_version": " เซิร์ฟเวอร์ v",
        "update_warning": ", กรุณาดาวน์โหลดเวอร์ชั้นล่าสุดจาก https://github.com/revoxhere/duino-coin/releases/",
        "connecting_error": " ความผิดพลาดในการเชื่อมต่อเซิร์ฟเวอร์ ลองใหม่ใน 10วิ",
        "duco_avr_miner": "Duino-Coin เอวีอาร์ มายเนอร์(v",
        "accepted_shares": " ยอมรับส่วนแบ่ง",
        "accepted": " ยอมรับแล้ว ",
        "block_found": " พบบล็อกแล้ว ",
        "rejected": " ปฏิเสธ ",
        "error_while_mining": " ความผิดพลาดระหว่างขุด - เหมือนจะเป็นความผิดพลาดในการเชื่อมต่อ - เริ่มใหม่ใน 5วิ",
        "board_on_port": " เอวีอาร์บนพอร์ต ",
        "board_is_connected": " ถูกเชื่อมต่อ",
        "board_connection_error": " เอวีอาร์เชื่อมต่อผิดพลาดบนพอร์ต ",
        "board_connection_error2": ", กรุณาตรวจสอบว่าได้เสียบปลั๊กหรือไม่",
        "mining_start": " เธรดการชุดเอวีอาร์กำลังเริ่ม",
        "mining_algorithm": " ใช้อัลกอริทึม DUCO-S1A (",
        "mining_avr_connection_error": " การเชื่อมต่อเอวีอาร์ผิดพลาด! ลองใหม่ใน 10วิ",
        "mining_avr_not_responding": " อาดุยโนใช้เวลานานกว่าที่คาด กำลังส่งงานใหม่ให้ ",
        "internal_server_error": " ความผิดพลาดภายในเซิร์ฟเวอร์",
        "retrying": " ลองใหม่ใน 10วิ",
        "mining_user": " ผู้ใช้ ",
        "mining_not_exist": " ไม่มีอยู่",
        "mining_not_exist_warning": " ตรวจสอบความถูกต้องของชื่อผู้ใช้งาน กรุณาตรวจสอบไฟล์การตั้งค่า ลองใหม่ใน 10วิ",
        "load_config_error": " การโอนถ่ายข้อมูลไฟล์ตั้งค่าผิดพลาด (",
        "load_config_error_warning": "/Miner_config.cfg) ลองเอามันออกและเริ่มการตั้งค่าใหม่ จะออกใน 10วิ",
        "connection_search": "ค้นหาโนดที่เร็วที่สุดเพื่อเชื่อมต่อ"
    }
}
