{
    "english": {
        "translation_autor": "Duino-Coin developers",
        "sigint_detected": " SIGINT detected - Exiting gracefully.",
        "goodbye": " See you soon!",
        "greeting_morning": "Have a wonderful morning",
        "greeting_noon": "Have a tasty noon",
        "greeting_afternoon": "Have a peaceful afternoon",
        "greeting_evening": "Have a cozy evening",
        "greeting_back": "Welcome back",

        "banner": "Official Duino-Coin © Python Miner",
        "donation_level": "Developer donation level: ",

        "ask_algorithm": "Select mining algorithm you want to use (1-2): ",
        "ask_difficulty": "Select mining difficulty you want to use (1-3): ",
        "low_diff": "Low difficulty (for Raspberry Pis, older computers)",
        "medium_diff": "Medium difficulty (for typical computers)",
        "net_diff": "Network difficulty (for powerful computers)",

        "low_diff_short": "Low diff",
        "medium_diff_short": "Medium diff",
        "net_diff_short": "Network diff",
        "algorithm": "Algorithm: ",
        "rig_identifier": "Rig identifier: ",

        "basic_config_tool": "\nDuino-Coin basic configuration tool\nEdit ",
        "edit_config_file_warning": "/Miner_config.cfg file later if you want to change it.",
        "dont_have_account": "Don't have an Duino-Coin account yet? Use ",
        "wallet": "Wallet",
        "register_warning": " to register on server.\n",
        "ask_username": "Enter your Duino-Coin username: ",
        "ask_intensity": "Set mining intensity (1-100)% (recommended: 95): ",
        "ask_threads": "Set mining threads (recommended for your system: ",
        "ask_lower_difficulty": "Do you want to use lower difficulty for mining (for slower systems)? (y/N): ",
        "ask_rig_identifier": "Do you want to add an identifier (name) to this rig? (y/N): ",
        "ask_rig_name": "Enter desired rig name: ",
        "ask_donation_level": "Set developer donation level (0-5) (recommended: 1), this will not reduce your earnings: ",
        "config_saved": "Config saved! Launching the miner",
        "load_config_error": " Error loading the configfile (",
        "load_config_error_warning": "/Miner_config.cfg). Try removing it and re-running configuration. Exiting in 10s",

        "free_network_warning": " Duino-Coin network is a completely free service and will always be",
        "donate_warning": "\nWe don't take any fees from your mining.\nYou can really help us maintain the server and low-fee exchanges by donating.\nVisit ",
        "learn_more_donate": " to learn more about how you can help :)",
        "starting_donation": "Starting donation process",
        "thanks_donation": " Thank You for being an awesome donator ❤️ \nYour donation will help us maintain the server and allow further development",

        "data_error": " Error retrieving data from GitHub! Retrying in 10s.",
        "connected": " Connected",
        "connected_server": " to master Duino-Coin server (v",
        "outdated_miner": " Miner is outdated (v",
        "server_is_on_version": " server is on v",
        "update_warning": ", please download latest version from https://github.com/revoxhere/duino-coin/releases/",
        "connecting_error": " Error connecting to the server. Retrying in 10s",
        "mining_thread": " Mining thread #",
        "mining_thread_starting": " is starting",
        "using_algo": " using DUCO-S1 algorithm with ",
        "using_algo_xxh": " using XXHASH algorithm with ",
        "efficiency": "efficiency",

        "duco_python_miner": "Duino-Coin Python Miner (v",
        "accepted_shares": " accepted shares",
        "accepted": " Accepted ",
        "block_found": " Block found ",
        "internal_server_error": " Internal server error.",
        "retrying": " Retrying in 10s",
        "rejected": " Rejected ",
        "error_while_mining": " Error while mining - most likely a connection error - restarting in 5s.",

        "mining_user": " User ",
        "mining_not_exist": " doesn't exist.",
        "mining_not_exist_warning": " Make sure you've entered the username correctly. Please check your config file. Retrying in 10s",

        "max_threads_notice": "Mining Duino-Coin with a lot of threads will cause decrease in profit - mining threads decreased to 8",
        "max_hashrate_notice": "Mining Duino-Coin with powerful equipment may not be very profitable for you - we suggest trying Coin Magi (https://xmg.network) - our 'sister' coin",
    
        "recommended": "recommended",
        "connection_search": "Searching for the fastest node to connect to"
    },
    "italian": {
        "translation_autor": "Il mastro Stefanuzzo (no spaces on GitHub)",
        "sigint_detected": " SIGINT rilevato - Uscita dal programma.",
        "goodbye": " A presto!",
        "greeting_morning": "Passa una buona mattinata",
        "greeting_noon": "Passa una buon mezzogiorno",
        "greeting_afternoon": "Passa un traquillo pomeriggio",
        "greeting_evening": "Buona serata",
        "greeting_back": "Bentornato",

        "banner": "Official Duino-Coin © Python Miner",
        "donation_level": "Developer donation level: ",

        "ask_algorithm": "Selezione l'algoritmo di mining che vuoi usare (1-2): ",
        "ask_difficulty": "Seleziona la difficoltà di mining che vuoi usare (1-3): ",
        "low_diff": "Difficoltà bassa (per Raspberry Pi e vecchi computer)",
        "medium_diff": "Difficoltà media (per computer normali)",
        "net_diff": "Difficoltà network (per computer potenti)",

        "low_diff_short": "Dif. bassa",
        "medium_diff_short": "Dif. media",
        "net_diff_short": "Dif. network",
        "algorithm": "Algoritmo: ",
        "rig_identifier": "Identificatore del rig: ",

        "basic_config_tool": "\nStrumento base di configurazione Duino-Coin\nModifica ",
        "edit_config_file_warning": "/Miner_config.cfg più tardi se vuoi cambiarlo.",
        "dont_have_account": "Non hai ancora un account Duino-Coin? Usa ",
        "wallet": "Portafoglio (Wallet)",
        "register_warning": " per registrarti sul server.\n",
        "ask_username": "Inserisci il tuo nome utente di Duino-Coin: ",
	"ask_intensity": "Imposta l'intensità di mining (1-100)% (raccomandato: 95): ",
        "ask_threads": "Imposta thread di mining (raccomandati per il tuo sistema: ",
        "ask_lower_difficulty": "Vuoi usare la difficoltà più bassa per il mining (per sistemi lenti)? (y/N): ",
        "ask_rig_identifier": "Vuoi aggiungere un identificatore (nome) a questo rig? (y/N) ",
        "ask_rig_name": "Inserisci il nome desiderato per il rig: ",
        "ask_donation_level": "Imposta il livello di donazione agli sviluppatori (0-5) (raccomandato: 1), ciò non ridurrà i tuoi guadagni: ",
        "config_saved": "Configurazione salvata! Avvio del miner",
        "load_config_error": " Errore nel caricamento del file di configurazione (",
        "load_config_error_warning": "/Miner_config.cfg). Prova a rimuoverlo e a rieseguire la configurazione. Uscita in 10s",

        "free_network_warning": " La rete du Duino-Coin è un servizio completamente gratuito e lo sarà per sempre",
        "donate_warning": "\nNon prendiamo alcuna quota del tuo mining.\nPuoi aiutarci ampiamente a mantenere i server e le conversioni di valuta a basse tasse donando.\nVisita ",
        "learn_more_donate": " per scoprire di più su come puoi aiutare :)",
        "starting_donation": "Inizio del processo di donazione",
        "thanks_donation": " Grazie di essere un fantastico donatore ❤️ La tua donazione ci aiuterà a mantenere i server e permetterà di continuare lo sviluppo",

        "data_error": " Errore nell'ottenere dati da GitHub! Nuovo tentativo in 10s.",
        "connected": " Connesso",
        "connected_server": " al server master Duino-Coin (v",
        "outdated_miner": " Il miner non è aggiornato (v",
        "server_is_on_version": " il server è sulla versione v",
        "update_warning": ", per favore scarica l'ultima versione da https://github.com/revoxhere/duino-coin/releases/",
        "connecting_error": " Errore nella connessione al server. Nuovo tentativo in 10s",
        "mining_thread": " Thread di mining #",
        "mining_thread_starting": " si sta avviando",
        "using_algo": " algoritmo DUCO-S1 in uso con ",
        "using_algo_xxh": " algoritimo XXHASH in uso con ",
        "efficiency": "efficienza",

        "duco_python_miner": "Miner Duino-Coin Python (v",
        "accepted_shares": " condivisioni accettate",
        "accepted": " Accettato ",
        "block_found": " Blocco trovato ",
        "internal_server_error": " Errore interno del server.",
        "retrying": " Nuovo tentativo in 10s",
        "rejected": " Rifiutato ",
        "error_while_mining": " Errore durante il mining - molto probabilmente un problema di connessione - riavvio in 5s.",

        "mining_user": " Utente ",
        "mining_not_exist": " non esiste.",
        "mining_not_exist_warning": " Assicurati di aver inserito il nome utente correttamente. Per favore controlla il tuo file di configurazione. Nuovo tentativo in 10s",

        "max_threads_notice": "Minare Duino-Coin con un sacco di thread causerà un peggioramento del profitto - thread di mining diminuiti a 8",
        "max_hashrate_notice": "Minare Duino-Coin con un equipaggiamento potente potrebbe non essere molto profittevole per te - suggeriamo di provare Coin Magi (https://xmg.network) - la nostra moneta \"sorella\"",
    
        "recommended": "raccomandato"
    },
    "polish": {
        "translation_autor": "revox",
        "sigint_detected": " SIGINT wykryty - Wyłączam koparkę.",
        "goodbye": " Do zobaczenia wkrótce!",
        "greeting_morning": "Miłego ranka",
        "greeting_noon": "Miłego południa",
        "greeting_afternoon": "Miłego popołudnia",
        "greeting_evening": "Miłego wieczoru",
        "greeting_back": "Witaj ponownie",

        "banner": "Oficjalna koparka Duino-Coin ©",
        "donation_level": "Poziom dotacji dla deweloperów: ",

        "ask_algorithm": "Wybierz algorytm kopania który chcesz użyć (1-2): ",
        "ask_difficulty": "Wybierz trudność kopania której chcesz użyć (1-3): ",
        "low_diff": "Niska trudność (dla Raspberry Pi, starszych komputerów)",
        "medium_diff": "Średnia trudność (dla typowych komputerów)",
        "net_diff": "Trudność sieci (dla mocniejszych komputerów)",

        "low_diff_short": "Niska trudność",
        "medium_diff_short": "Średnia trudność",
        "net_diff_short": "Trudność sieci",
        "algorithm": "Algorytm: ",
        "rig_identifier": "Identyfikator koparki: ",

        "basic_config_tool": "\nKreator pliku konfiguracyjnego Duino-Coin\nEdytuj plik ",
        "edit_config_file_warning": "/Miner_config.cfg jeżeli chcesz coś poźniej zmienić.",
        "dont_have_account": "Nie posiadasz konta Duino-Coin? Użyj ",
        "wallet": "Wallet (Portfel)",
        "register_warning": " aby zarejestrować się na sieci.\n",
        "ask_username": "Wprowadź swoją nazwę użytkownika Duino-Coin: ",
        "ask_intensity": "Wprowadź intensywność kopania (1-100)% (zalecane: 95): ",
        "ask_threads": "Ile wątków chcesz użyć do kopania? (zalecane dla twojego systemu: ",
        "ask_lower_difficulty": "Chcesz użyć zmniejszonej trudności kopania (dla wolniejszych komputerów)? (y/N): ",
        "ask_rig_identifier": "Chcesz dodać identyfikator (nazwę) dla tej koparki? (y/N): ",
        "ask_rig_name": "Wprowadź nazwę dla koparki: ",
        "ask_donation_level": "Ustaw poziom dotacji dla deweloperów (0-5) (zalecane: 1), nie zmniejszy to Twoich zysków: ",
        "config_saved": "Konfiguracja zapisana! Uruchamianie koparki",
        "load_config_error": " Problem z ładowaniem pliku konfiguracyjnego (",
        "load_config_error_warning": "/Miner_config.cfg). Spróbuj go usunąć i włącz koparkę ponownie. Wyłączanie za 10s",

        "free_network_warning": " Sieć Duino-Coin jest w pełni darmową usługą i zawsze taka będzie",
        "donate_warning": "\nNie bierzemy żadnych prowizji z Twojego kopania, a utrzymanie serwera i opłacanie wymian jest kosztowne.\nMożesz nam bardzo pomóc w utrzymaniu odwiedzając ",
        "learn_more_donate": " aby złożyć dotację :)",
        "starting_donation": "Włączanie procesu dotacji",
        "thanks_donation": " Bardzo dziękujemy za posiadanie włączonej dotacji ❤️ \nPomoże nam to utrzymać główny serwer i pozwoli na dalszy rozwój",

        "data_error": " Problem pobierania danych z GitHuba! Ponowna próba za 10s.",

        "connected": " Połączono",
        "connected_server": " z głównym serwerem Duino-Coin (v",
        "outdated_miner": " Koparka jest nieaktualna (v",
        "server_is_on_version": " serwer jest na v",
        "update_warning": ", proszę pobrać najnowszą wersję z https://github.com/revoxhere/duino-coin/releases/",
        "connecting_error": " Problem podczas łączenia z serwerem. Ponowna próba za 10s",
        "mining_thread": " Wątek koparki #",
        "mining_thread_starting": " uruchamia się",
        "using_algo": " używając algorytmu DUCO-S1 i ",
        "using_algo_xxh": " używając algorytmu XXHASH i ",
        "efficiency": "intensywności",

        "duco_python_miner": "Duino-Coin Python Miner (v",
        "accepted_shares": " zaakceptowanych share'ów",
        "accepted": " Zaakceptowano ",
        "block_found": " Znaleziono blok ",
        "internal_server_error": " Wewnętrzny błąd serwera.",
        "retrying": " Ponowna próba za 10s",
        "rejected": " Odrzucono ",
        "error_while_mining": " Błąd podczas kopania - prawdopodobnie problem z połączeniem - ponowna próba za 5s.",

        "mining_user": " Użytkownik ",
        "mining_not_exist": " nie jest zarejestrowany.",
        "mining_not_exist_warning": " Upewnij się że poprawnie wprowadziłeś nazwę użytkownika. Sprawdź swój plik konfiguracyjny. Ponowna próba za 10s",

        "max_threads_notice": "Kopanie Duino-Coin z wysoką ilością wątków spowoduje spadek w zyskach - zmniejszono liczbę wątków do 8",
        "max_hashrate_notice": "Kopanie Duino-Coin używając mocnego komputera może nie być bardzo opłacalne - proponujemy wpróbować Coin Magi (https://xmg.network) - naszą 'siostrzaną' monetę",
    
        "recommended": "zalecana opcja",
        "connection_search": "Szukanie najszybszego serwera"
    },
    "spanish": {
        "translation_autor": "HGEpro",
        "sigint_detected": " SIGINT detectado - Saliendo correctamente.",
        "goodbye": " ¡Hasta pronto!",
        "greeting_morning": "Tenga un maravilloso día",
        "greeting_noon": "Tenga un buen mediodía",
        "greeting_afternoon": "Tenga una plácida tarde",
        "greeting_evening": "Tenga una increíble noche",
        "greeting_back": "Welcome back",

        "banner": "Oficial Duino-Coin © Python Miner",
        "donation_level": "Nivel de donación para los desarrolladores: ",

        "ask_difficulty": "Seleccione la dificultad de minado que desea utilizar (1-3):",
        "low_diff": "Dificultad baja (para Raspberry Pis o computadoras más antiguas",
        "medium_diff": "Dificultad media (para computadoras normales)",
        "net_diff": "Dificultad controlada por la red (para equipos potentes)",

        "low_diff_short": "Dificultad baja",
        "medium_diff_short": "Dificultad media",
        "net_diff_short": "Dificultad controlada por la red",
        "algorithm": "Algoritmo: ",
        "rig_identifier": "Identificador del rig: ",

        "basic_config_tool": "\nBásica herramienta de configuración de Duino-Coin\nEdita ",
        "edit_config_file_warning": "el archivo /Miner_config.cfg después si quieres cambiar algo..",
        "dont_have_account": "No tienes una cuenta Duino-Coin todavía? Usa ",
        "wallet": "Monedero",
        "register_warning": " para registrarse en el servidor.\n",
        "ask_username": "Introduce tu usuario de Duino-Coin: ",
        "ask_intensity": "Ajusta la intensidad de minado (1-100)% (recomendado: 95): ",
        "ask_threads": "Ajusta los hilos para el minado (recomendado para tu sistema: ",
        "ask_lower_difficulty": "¿Deseas usar una dificultad más baja (para sistemas de bajo rendimiento)? (y/N): ",
        "ask_rig_identifier": "¿Deseas añadir un identificador (nombre) a este rig? (y/N): ",
        "ask_rig_name": "Introduce el nombre del rig: ",
        "ask_donation_level": "Ajusta el nivel de donación a los desarrolladores (0-5) (recomendado: 1), esto no reducirá tus ganancias: ",
        "config_saved": "¡Configuración guardada! Lanzando el minero",
        "load_config_error": " Error cargando el archivo de configuración (",
        "load_config_error_warning": "/Miner_config.cfg). Prueba eliminándolo y relanzando el minero para una nueva configuración. Saliendo en 10s",

        "free_network_warning": " La red Duino-Coin es completamente gratis y siempre lo será",
        "donate_warning": "\nNo nos llevamos ninguna comisión de tu minado.\nPuedes ayudarnos mucho a mantener el servidor y el exchange de bajas comisiones donando.\nVisita ",
        "learn_more_donate": " para saber más sobre como puedes ayudar :)",
        "starting_donation": "Empezando el proceso de donación",
        "thanks_donation": " Gracias por ser un increíble donador ❤️ \nTu donación nos ayudará a mantener el servidor y permitir el desarrollo",

        "data_error": " Error extrayendo datos desde GitHub! Reintentando en 10s.",

        "connected": " Conectado",
        "connected_server": " al servidor maestro Duino-Coin (v",
        "outdated_miner": " El minero está desactualizado (v",
        "server_is_on_version": " el servidor está en la v",
        "update_warning": ", porfavor descarga la última versión desde https://github.com/revoxhere/duino-coin/releases/",
        "connecting_error": " Error conectando al servidor. Reintentando en 10s",
        "mining_thread": " Hilo de minado #",
        "mining_thread_starting": " está empezando",
        "using_algo": " usando el algoritmo DUCO-S1 con ",
        "using_algo_xxh": " usando el algoritmo XXHASH con ",
        "efficiency": "eficiencia",

        "duco_python_miner": "Minero Duino-Coin en Python (v",
        "accepted_shares": " shares aceptadas",
        "accepted": " Aceptado ",
        "block_found": " Bloque encontrado ",
        "internal_server_error": " Error interno del servidor.",
        "retrying": " Reintentando en 10s",
        "rejected": " Rechazadas ",
        "error_while_mining": " Error durante el minado - probablemente un error de conexión - reiniciando en 5s.",

        "mining_user": " User ",
        "mining_not_exist": " doesn't exist.",
        "mining_not_exist_warning": " Make sure you've entered the username correctly. Please check your config file. Retrying in 10s"
    },
    "french": {
	    "translation_autor": "Bilaboz",
        "sigint_detected": " SIGINT détecté - Fermeture...",
        "goodbye": " A bientôt!",
        "greeting_morning": "J'espère que vous passez une bonne matinée!",
        "greeting_noon": "J'espère que vous passez un bon après-midi",
        "greeting_afternoon": "J'espère que vous passez un bon après-midi",
        "greeting_evening": "Passez une bonne soirée!",
        "greeting_back": "Content de te revoir",

        "banner": "Mineur Officiel (Python) Duino-Coin ©",
        "donation_level": "Niveau de donation pour le développeur: ",

        "ask_difficulty" : "Veuillez sélectionner la difficulté de minage que vous souhaitez utiliser (1-3): ",
        "low_diff" : "Faible difficulté (pour les ordinateurs Raspberry Pis ou plus anciens)",
        "medium_diff" : "Difficulté moyenne (pour les ordinateurs normaux)",
        "net_diff" : "Difficulté du réseau (pour les ordinateurs puissants)",

        "low_diff_short" : "Low Difficulty",
        "medium_diff_short" : "Difficulté moyenne",
        "net_diff_short" : "Difficulté en réseau",
        "algorithm": "Algorithme: ",
        "rig_identifier": "Nom du mineur/rig: ",

        "basic_config_tool": "\nEditeur de configuration Duino-Coin\nEditez ",
        "edit_config_file_warning": "le fichier /Miner_config.cfg si vous voulez changer votre configuration ultérieurement.",
        "dont_have_account": "Vous n'avez pas encore de compte Duino-Coin? Utilisez ",
        "wallet": "Porte-feuille",
        "register_warning": " pour en créer un.\n",
        "ask_username": "Entrez votre nom d'utilisateur Duino-Coin: ",
        "ask_intensity": "Choisissez l'intensité de minage (1-100)% (recommandé: 95): ",
        "ask_threads": "Choisissez le nombre de threads (recommandé pour votre système: ",
        "ask_lower_difficulty": "Voulez vous utiliser une difficulté de minage plus basse (pour les systèmes les plus lents)? (y/N): ",
        "ask_rig_identifier": "Voulez vous ajouter un indentifieur (un nom) à ce mineur/rig? (y/N): ",
        "ask_rig_name": "Entrez le nom du mineur/rig désiré: ",
        "ask_donation_level": "Choisissez le niveau de donation (0-5) (recommandé: 1), cela ne réduira pas vos gains: ",
        "config_saved": "Configuration sauvegardée! Lancement du mineur",
        "load_config_error": " Erreur durant le chargement du fichier de configuration (",
        "load_config_error_warning": "/Miner_config.cfg). Essayez de le supprimer et relancez le mineur. Exiting in 10s",

        "free_network_warning": " Le réseau Duino-Coin est un service complètement gratuit et le sera toujours",
        "donate_warning": "\nNous ne prélevons aucun frais sur votre minage.\nVous pouvez nous aider à maintenir le serveur et garder un exchange avec peu de frais en activant la donation.\nVisitez ",
        "learn_more_donate": " pour en apprendre d'avantage sur comment vous pouvez nous aider :)",
        "starting_donation": "Démarrage du service de donation",
        "thanks_donation": " Merci d'être un super donateur ❤️ \nVotre don nous aidera a maintenir le serveur et permettra un développement ultérieur",

        "data_error": " Erreur lors de la récupération des données depuis GitHub! Nouvel essai dans 10s.",

        "connected": " Connecté",
        "connected_server": " au serveur principal Duino-Coin (v",
        "outdated_miner": " Mineur obsolète (v",
        "server_is_on_version": " le serveur est en v",
        "update_warning": ", vous pouvez télécharger la nouvelle version ici https://github.com/revoxhere/duino-coin/releases/",
        "connecting_error": " Impossible de se connecter au serveur. Nouvel essai dans 10s",
        "mining_thread": " Thread de minage #",
        "mining_thread_starting": " est en train de démarrer",
        "using_algo": " utilisant l'algorithme DUCO-S1 avec ",
        "using_algo_xxh": " utilisant l'algorithme XXHASH avec ",
        "efficiency": "d'intensité",

        "duco_python_miner": "Duino-Coin Python Miner (v",
        "accepted_shares": " shares acceptées",
        "accepted": " Accepté ",
        "block_found": " Block trouvé ",
        "internal_server_error": " Erreur interne au serveur.",
        "retrying": " Nouvel essai dans 10s",
        "rejected": " Refusé ",
        "error_while_mining": " Erreur durant le minage - probablement une erreur de connection - Redémarrage dans 5s.",

        "mining_user": " L'utilisateur ",
        "mining_not_exist": " n'existe pas.",
        "mining_not_exist_warning": " Vérifiez que vous avez correctement entré votre nom d'utilisateur dans le fichier de configuration. Nouvel essai dans 10s",

        "connection_search": "Recherche du serveur le plus rapide"
    },
    "russian": {
        "translation_autor": "5Q",
        "sigint_detected": " Обнаружен SIGINT - завершаем работу.",
        "goodbye": " До скорой встречи!",
        "greeting_morning": "Желаю вам прекрасного утра",
        "greeting_noon": "Приятного вам полудня",
        "greeting_afternoon": "Приятного вам дня",
        "greeting_evening": "Приятного вам вечера",
        "greeting_back": "С возвращением",

        "banner": "Официальный Duino-Coin © Python майнер",
        "donation_level": "Уровень пожертвования разработчикам: ",

        "ask_difficulty": "Выберите сложность которую вы хотите использовать (1-3): ",
        "low_diff": "Низкая сложность (для Raspberry Pi, старых ПК)",
        "medium_diff": "Средняя сложность (для средних ПК)",
        "net_diff": "Сложность сети (для мощных ПК)",

        "low_diff_short": "Низк. сложность",
        "medium_diff_short": "Ср. сложность",
        "net_diff_short": "Сложность сети",
        "algorithm": "Алгоритм: ",
        "rig_identifier": "Идентификатор устройства: ",

        "basic_config_tool": "\nИнструмент базовой настройки Duino-Coin\nОтредактируйте файл ",
        "edit_config_file_warning": "/Miner_config.cfg если вы захотите их изменить.",
        "dont_have_account": "Еще нет аккаунта Duino-Coin? Используйте ",
        "wallet": "Кошелек",
        "register_warning": " для регистрации на сервере.\n",
        "ask_username": "Введите ваше имя пользователя Duino-Coin: ",
        "ask_intensity": "Установите мощность майнинга (1-100)% (рекомендуется: 95): ",
        "ask_threads": "Установите количество потоков майнера (рекомендуется для вашего устройства: ",
        "ask_lower_difficulty": "Вы хотите использовать пониженную сложность майнинга (для более медленных устройств)? (y/N): ",
        "ask_rig_identifier": "Хотите ли вы добавить идентификатор (имя) этому устройству? (y/N): ",
        "ask_rig_name": "Введите желаемое имя устройства: ",
        "ask_donation_level": "Установите уровень пожертвования разработчикам (0-5) (рекомендуется: 1), это не уменьшит ваш заработок: ",
        "config_saved": "Настройки сохранены! Запускаем майнер",
        "load_config_error": " Ошибка загрузки файла настроек (",
        "load_config_error_warning": "/Miner_config.cfg). Попробуйте удалить его и перезапустить настройку. Выход через 10с",

        "free_network_warning": " Сеть Duino-Coin это абсолютно бесплатный сервис и всегда будет таким",
        "donate_warning": "\nМы не берем никаких комиссий с вашего майнинга.\nВы можете очень сильно помочь нам поддерживать сервер и обменники с низкой комиссией своим пожертвованием.\nПосетите ",
        "learn_more_donate": " чтобы узнать больше о том, как вы можете помочь :)",
        "starting_donation": "Начинаем процесс пожертвования",
        "thanks_donation": " Спасибо вам за пожертвования ❤️ \nВаше пожертвование поможет нам подерживать сервер и продолжать разработку",

        "data_error": " Ошибка получения данных с GitHub! Повтор через 10с.",
        "connected": " Подключено",
        "connected_server": " к главному серверу Duino-Coin (v",
        "outdated_miner": " Майнер устарел (v",
        "server_is_on_version": " сервер имеет версию v",
        "update_warning": ", пожалуйста скачайте последнюю версию с https://github.com/revoxhere/duino-coin/releases/",
        "connecting_error": " Ошибка подключения к серверу. Повтор через 10с",
        "mining_thread": " Поток майнера #",
        "mining_thread_starting": " запускается",
        "using_algo": " используя алгоритм DUCO-S1 с ",
        "using_algo_xxh": " используя алгоритм XXHASH с ",
        "efficiency": "эффективностью",

        "duco_python_miner": "Duino-Coin Python майнер (v",
        "accepted_shares": " принятых шар",
        "accepted": " Принято ",
        "block_found": " Найден блок ",
        "internal_server_error": " Внутренняя ошибка сервера.",
        "retrying": " Повтор через 10с",
        "rejected": " Отклонено ",
        "error_while_mining": " Ошибка во время майнинга - скорее всего, ошибка подключения - перезапуск через 5с.",

        "mining_user": " Пользователь ",
        "mining_not_exist": " не существует.",
        "mining_not_exist_warning": " Убедитесь в том, что вы правильно ввели имя пользователя. Пожалуйста, проверьте ваш файл настроек. Пробуем еще раз через 10с"
    },
    "german": {
        "translation_autor": "BastelPichi, EinWildesPanda",
        "sigint_detected": " SIGINT erkannt - Schließe Miner.",
        "goodbye": " Bis Bald!",
        "greeting_morning": "Guten Morgen!",
        "greeting_noon": "Schönen Mittag",
        "greeting_afternoon": "Guten Nachmittag",
        "greeting_evening": "Schönen Abend",
        "greeting_back": "Willkommen zurück",

        "banner": "Ofizieller Duino-Coin © Python Miner",
        "donation_level": "Entwickler-Spendenlevel: ",

        "ask_difficulty": "Bitte wähle die Schürfschwierigkeit aus, die du benutzen willst (1-3): ",
        "low_diff": "Niedrige Schwierigkeit (für Raspberry Pis oder ältere Computer",
        "medium_diff": "Mittlere Schwierigkeit (für normale Computer)",
        "net_diff": "Netzwerkgesteurte Schwierigkeit (für leistungsstarke Computer)",

        "low_diff_short": "Niedrige Schw.",
        "medium_diff_short": "Mittlere Schw.",
        "net_diff_short": "Netzwerkgest. Schw.",
        "algorithm": "Algorithmus: ",
        "rig_identifier": "Rig Identifikation: ",

        "basic_config_tool": "\nDuino-Coin simples Konfigurationstool\nBearbeite ",
        "edit_config_file_warning": "/Miner_config.cfg wenn du später Einstellungen verändern möchtest.",
        "dont_have_account": "Du hast noch keinen Duino-Coin Account? Benutze ",
        "wallet": "Wallet",
        "register_warning": " um dich zu registrieren.\n",
        "ask_username": "Gib deinen Duino-Coin Nutzernamen ein: ",
        "ask_intensity": "Wie viel Prozent der Leistung soll Duino-Coin verwenden? (1-100)% (empfohlen: 95): ",
        "ask_threads": "Wie viele Threads willst du benutzen? (für dein System empfohlen: ",
        "ask_lower_difficulty": "Willst du eine niedrigere Schwierigkeit verwenden (für langsamere Systeme)? (y/N): ",
        "ask_rig_identifier": "Willst du eine Identifikation (Name) zu diesem Rig hinzufügen? (y/N): ",
        "ask_rig_name": "Dein Rig Name: ",
        "ask_donation_level": "Setze das Entwickler-Spendenlevel (0-5) (empfohlen: 1), das wird nicht deinen Ertrag reduzieren: ",
        "config_saved": "Konfiguration gespeichert! Der Miner wird gestartet...",
        "load_config_error": " Fehler beim Laden der Konfigurationsdatei (",
        "load_config_error_warning": "/Miner_config.cfg). Versuche sie zu entfernen und neu zu konfigurieren. Miner schließt in 10s",

        "free_network_warning": " das Duino-Coin Netzwerk ist immer kostenlos und wird es immer bleiben",
        "donate_warning": "\nWir nehmen keine Gebühren, wenn du schürfst.\nDu kannst uns mit der Weiterentwicklung helfen, indem du spendest.\nBesuche ",
        "learn_more_donate": " um zu lernen wie du helfen kannst :)",
        "starting_donation": "Spendeminer wird gestartet",
        "thanks_donation": " Danke, dass du ein Spender bist ❤️ \nDeine Spende hilft uns den Server zu verwalten und Duino-Coin weiterzuentwickeln",

        "data_error": " Fehler bei der Verbindung zu Github!  Versuche nochmal in 10 Sekunden.",
        "connected": " Verbunden",
        "connected_server": " mit dem Duino-Coin Haupt-Server (v",
        "outdated_miner": " Miner ist nicht mehr aktuell! (v",
        "server_is_on_version": " Server ist auf Version",
        "update_warning": ", Bitte lade den aktuellsten Miner von Github runter: https://github.com/revoxhere/duino-coin/releases/",
        "connecting_error": " Fehler beim Verbinden zum Server. Neuversuch in 10 Sekunden",
        "mining_thread": " Mining thread #",
        "mining_thread_starting": " startet",
        "using_algo": " mit DUCO-S1 Algorithmus und ",
        "using_algo_xxh": " mit XXHASH Algorithmus und ",
        "efficiency": "Effizienz",

        "duco_python_miner": "Duino-Coin Python Miner (v",
        "accepted_shares": " akzeptierte Shares",
        "accepted": " Akzeptiert ",
        "block_found": " Block gefunden ",
        "internal_server_error": " Interner Serverfehler.",
        "retrying": " Neuversuch in 10 Sekunden",
        "rejected": " Abgelehnt ",
        "error_while_mining": " Fehler beim Minen - sehr wahrscheinlich ein Verbindungsfehler - Neustart in 5s.",

        "mining_user": " Benutzer ",
        "mining_not_exist": " existiert nicht.",
        "mining_not_exist_warning": " Stelle sicher, dass du den Nutzernamen korrekt geschrieben hast. Überprüfe deine Konfigurationsdatei. Neuversuch in 10s",

        "connection_search": "Suche nach der schnellsten Verbindung zu dem Server"
    },
    "chinese_simplified": {
        "translation_autor": "suifengtec",
        "sigint_detected": "检测到 SIGINT - 优雅退出.",
        "goodbye": " 待会儿见!",
        "greeting_morning": "早上好啊!",
        "greeting_noon": "中午好",
        "greeting_afternoon": "下午好",
        "greeting_evening": "祝您有个舒适的夜晚",
        "greeting_back": "欢迎回来",
        "banner": "官方版 Duino-Coin © Python 矿工",
        "donation_level": "开发者贡献等级: ",
        "ask_algorithm": "选择您要使用的挖矿算法 (1-2): ",
        "ask_difficulty": "选择您要使用的挖矿难度 (1-3): ",
        "low_diff": "低难度（适用于树莓派以及较旧的计算机）",
        "medium_diff": "中等难度(适用于一般的电脑)",
        "net_diff": "网络难度(适用于强劲的电脑)",
        "low_diff_short": "低难度",
        "medium_diff_short": "中等难度",
        "net_diff_short": "网络难度",
        "algorithm": "算法: ",
        "rig_identifier": "矿机标识符: ",
        "basic_config_tool": "\nDuino-Coin 基础配置工具\n编辑 ",
        "edit_config_file_warning": "/如果要更改 Miner_config.cfg 文件，请稍后。",
        "dont_have_account": "还没有Duino-Coin帐户吗？ 使用 ",
        "wallet": "钱包",
        "register_warning": " 在服务器上注册个。\n",
        "ask_username": "输入您的 Duino-Coin 用户名: ",
        "ask_intensity": "设定挖矿强度（1-100）％（建议:95）: ",
        "ask_threads": "设置挖矿线程（推荐用于您的系统: ",
        "ask_lower_difficulty": "您是否想使用较低的难度进行挖掘（对于较慢的系统）？ (y/N): ",
        "ask_rig_identifier": "您是否要向该矿机添加个标识符（名称）? (y/N): ",
        "ask_rig_name": "输入想要的矿机名称(可含有英文字母,数字和下划线): ",
        "ask_donation_level": "将开发者捐赠级别设置为（0-5）（建议：1），这不会减少您的收入: ",
        "config_saved": "配置已保存！可以挖矿了",
        "load_config_error": "载入配置文件时出错了 (",
        "load_config_error_warning": "/Miner_config.cfg)。请尝试删除它,再次配置。将在10秒内退出",
        "free_network_warning": " Duino-Coin网络是一项完全免费的服务，并将永远是",
        "donate_warning": "\n我们不会从您的采矿中收取任何费用。\n您可以通过捐赠来真正帮助我们维护服务器和低价交易。\n访问 ",
        "learn_more_donate": " 以进一步了解如何提供帮助 :)",
        "starting_donation": "开始捐赠过程",
        "thanks_donation": " 感谢您成为帅气或美丽的捐赠者 ❤️ \n您的捐款将帮助我们维护服务器并以及进一步开发该项目",
        "data_error": " 从GitHub检索数据时出错！ 10秒后重试。",
        "connected": " 已连接",
        "connected_server": " 到 Duino-Coin 主服务器 (v",
        "outdated_miner": " 挖矿软件已经过期了 (v",
        "server_is_on_version": " 服务器上的版本是 v",
        "update_warning": ", 请从 https://github.com/revoxhere/duino-coin/releases/ 下载最新的版本",
        "connecting_error": " 连接服务器时出错。 10s重试。",
        "mining_thread": " 挖矿线程 #",
        "mining_thread_starting": " 正在开启",
        "using_algo": " 使用 DUCO-S1 算法与 ",
        "using_algo_xxh": " 使用 XXHASH 算法与 ",
        "efficiency": "效率",
        "duco_python_miner": "Duino-Coin Python 版矿工 (v",
        "accepted_shares": "已接受的份额",
        "accepted": " 已接受 ",
        "block_found": " 找到块 ",
        "internal_server_error": " 内部服务器错误.",
        "retrying": " 10s重试",
        "rejected": " 已拒绝 ",
        "error_while_mining": " 挖矿时出错-最有可能是连接错误-将在5秒钟内重新启动。",
        "mining_user": " 用户 ",
        "mining_not_exist": " 不存在。",
        "mining_not_exist_warning": " 确保您正确输入了用户名。请检查您的配置文件。 将在10秒内重试"
    },  
    "turkish": {    
        "translation_autor": "Scatchie",    
        "sigint_detected": " SIGINT algılandı - Çıkış yapılıyor.",  
        "goodbye": " Görüşmek üzere!",  
        "greeting_morning": "Günaydın", 
        "greeting_noon": "İyi öğlenler",    
        "greeting_afternoon": "İyi günler", 
        "greeting_evening": "İyi akşamlar", 
        "greeting_back": "Tekrar hoşgeldiniz",  

        "banner": "Resmi Duino-Coin © Python Madencisi",    
        "donation_level": "Geliştirici bağış seviyesi: ",   

        "ask_algorithm": "Kullanmak istediğiniz madencilik algoritmasını seçin (1-2): ",    
        "ask_difficulty": "Kullanmak istediğiniz madencilik zorluğunu seçin (1-3): ",   
        "low_diff": "Düşük zorluk (Raspberry Pi ve eski bilgisayarlar için)",   
        "medium_diff": "Orta zorluk (ortalama bilgisayarlar için)", 
        "net_diff": "Ağ zorluğu (güçlü bilgisayarlar için)",    

        "low_diff_short": "Düşük zorluk",   
        "medium_diff_short": "Orta zorluk", 
        "net_diff_short": "Ağ zorluğu", 
        "algorithm": "Algoritma: ", 
        "rig_identifier": "Donanım tanımlayıcı: ",  

        "basic_config_tool": "\nDuino-Coin yapılandırma aracı\nDüzenleyin ",    
        "edit_config_file_warning": "/Miner_config.cfg dosyasını eğer daha sonra değiştirmek istiyorsanız.",    
        "dont_have_account": "Henüz bir Duino-Coin hesabınız yok mu? Kullanın ",    
        "wallet": "Cüzdan", 
        "register_warning": " sunucuya kayıt olmak için.\n",    
        "ask_username": "Duino-Coin kullanıcı adınızı girin: ", 
        "ask_intensity": "Madencilik gücünü seçin (1-100)% (önerilen: 95): ",   
        "ask_threads": "Çalıştırmak istediğiniz madenci sayısını seçin (sisteminiz için önerilen: ",    
        "ask_lower_difficulty": "Madencilik için daha düşük bir zorluk kullanmak ister misiniz (yavaş sistemler için)? (y/N): ",    
        "ask_rig_identifier": "Bu donanıma bir tanımlayıcı (isim) eklemek ister misiniz? (y/N): ",  
        "ask_rig_name": "İstediğiniz donanım adını girin: ",    
        "ask_donation_level": "Geliştirici bağış seviyesini girin (0-5) (önerilen: 1), bu kazancınızı etkilemeyecektir: ",  
        "config_saved": "Ayarlar kaydedildi! madenci başlatılıyor", 
        "load_config_error": " Ayar dosyasını yüklerken bir hata meydana geldi (",  
        "load_config_error_warning": "/Miner_config.cfg). Dosyayı kaldırmayı ve yapılandırıcıyı tekrar çalıştırmayı deneyin. 10 saniye içerisinde çıkış yapılıyor", 

        "free_network_warning": " Duino-Coin ağı ücretsiz bir hizmettir ve her zaman ücretsiz olacaktır",   
        "donate_warning": "\nMadencilik kazancınızdan vergi almıyoruz.\nBağış yaparak daha iyi hizmet sağlamamızı ve sunucuyu geliştirmemizi sağlayabilirsiniz.\nDaha nasıl yardım edebileceğinizi öğrenmek için ", 
        "learn_more_donate": " adresini ziyaret edin :)",   
        "starting_donation": "Bağış işlemi başlatılıyor",   
        "thanks_donation": " Harika bir bağışçı olduğunuz için teşekkürler ❤️ \nBağışınız hizmet sağlamamıza ve sunucuyu geliştirmemize katkıda bulunacaktır",  

        "data_error": " GitHub'dan veri alırken hata meydana geldi! 10 saniye içerisinde yeniden deneniyor.",   
        "connected": " Bağlanıldı:",    
        "connected_server": " Ana Duino-Coin sunucusu (v",  
        "outdated_miner": " Eski sürüm bir madenci kullanıyorsunuz (v", 
        "server_is_on_version": " sunucu sürümü v", 
        "update_warning": ", lütfen en güncel sürümü indirin: https://github.com/revoxhere/duino-coin/releases/",   
        "connecting_error": " Sunucuya bağlanırken bir hata meydana geldi. 10 saniye içerisinde yeniden deneniyor", 
        "mining_thread": " Madencilik işlemi #",    
        "mining_thread_starting": " başlıyor.", 
        "using_algo": " Kullanılan algoritma: DUCO-S1. ",   
        "using_algo_xxh": " Kullanılan algoritma: XXHASH. ",    
        "efficiency": "verimlilik", 

        "duco_python_miner": "Duino-Coin Python Madencisi (v",  
        "accepted_shares": " kabul edilen gönderimler", 
        "accepted": " Kabul edilen ",   
        "block_found": " Bulunan blok ",    
        "internal_server_error": " Sunucu hatası.", 
        "retrying": " 10 saniye içerisinde yeniden deneniyor",  
        "rejected": " Reddedilen ", 
        "error_while_mining": " Kazım yapılırken bir hata meydana geldi - bir bağlantı hatası olabilir - 5 saniye içerisinde yeniden başlatılıyor.",    

        "mining_user": " Kullanıcı ",   
        "mining_not_exist": " mevcut değil.",   
        "mining_not_exist_warning": " Kullanıcı adınızı doğru girdiğinizden emin olun. Lütfen ayar dosyanızı kontrol edin. 10 saniye içerisinde yeniden deneniyor",
        
        "connection_search": "Sunuculara bağlanmak için en hızlı bağlantı aranıyor"
    },
    "portuguese": {
        "translation_autor": "bonsai",
        "sigint_detected": " SIGINT detectado - Saindo corretamente.",
        "goodbye": " Até!",
        "greeting_morning": "Bom dia",
        "greeting_noon": "Bom dia",
        "greeting_afternoon": "Boa tarde",
        "greeting_evening": "Boa noite",
        "greeting_back": "Bem vindo de volta",

        "banner": "Oficial Duino-Coin © Python Miner",
        "donation_level": "Nivel de doação as desenvolvedores: ",

        "ask_difficulty": "Selecione uma dificuldade para mineração (1-3):",
        "low_diff": "Dificultade baixa (para Raspberry Pis e computadores mais antigos)",
        "medium_diff": "Dificultade média (para computadores normais)",
        "net_diff": "Dificuldade da Network (para equipamentos potentes)",

        "low_diff_short": "Dificuldade baixa",
        "medium_diff_short": "Dificuldade média",
        "net_diff_short": "Dificuldade da Network",
        "algorithm": "Algoritmo: ",
        "rig_identifier": "Nome da rig: ",

        "basic_config_tool": "\nFerramenta de configuração básica do Duino-Coin\nEdita ",
        "edit_config_file_warning": "Se você quiser trocar as configurações mais tarde /Miner_config.cfg é o arquivo.",
        "dont_have_account": "Você já tem uma conta no Duino-Coin? Se sim use-a.",
        "wallet": "Carteira",
        "register_warning": " Pare se registrar no servidor.\n",
        "ask_username": "Seu nome na Duino-Coin: ",
        "ask_intensity": "Intensidade da Mineração (1-100)% (recomendado: 95): ",
        "ask_threads": "Quantas núcleos você deseja que sejam utilizados (recomendado para o seu sistema: ",
        "ask_lower_difficulty": "Deseja usar uma intensidade mais baixa (para sistemas de baixo rendimiento)? (y/N): ",
        "ask_rig_identifier": "Você quer dar um nome (nome) a esta rig? (y/N): ",
        "ask_rig_name": "Digite o nome desejado: ",
        "ask_donation_level": "Quantidaded de doação (0-5) (recomendado: 1), a escolha não redusirá seus ganhos: ",
        "config_saved": "Configuração feita com sucesso! Começando a minerar",
        "load_config_error": " Error ao carregar ao carregar o arquivo de configuração (",
        "load_config_error_warning": "/Miner_config.cfg). Remova-o e tente novamente. Desligando em 10s",

        "free_network_warning": "Duino-Coin é uma plataforma gratuita e sempre será.",
        "donate_warning": "\nNão recebemos nada pela sua mineração.\nSe quiser nos ajudar, doe em nosso site.\nVisite ",
        "learn_more_donate": " para saber como nos ajudar :)",
        "starting_donation": "Iniciando o processo de doação.",
        "thanks_donation": " Obrigado por doar ❤️ Seu apoio, idependente do tamanho ajuda muito.",

        "data_error": " Erro ao tentar extrair os arquivos do GitHub! Tentando novamente em 10s.",

        "connected": " Conectado",
        "connected_server": " servidor principal do Duino-Coin (v",
        "outdated_miner": " seu minerador está desatualizado (v",
        "server_is_on_version": " o servidor está na versão",
        "update_warning": ", por favor baixe a ultima versão no https://github.com/revoxhere/duino-coin/releases/",
        "connecting_error": " Erro ao tentar se conectar ao servidor. Tentando novamente em 10s",
        "mining_thread": " Mineração no núcleo #",
        "mining_thread_starting": " está começando",
        "using_algo": " usando o algoritimo DUCO-S1 com ",
        "using_algo_xxh": " usando o algoritmo XXHASH com ",
        "efficiency": "eficiência",

        "duco_python_miner": "Minerando Duino-Coin em Python (v",
        "accepted_shares": " shares aceitas",
        "accepted": " Aceito ",
        "block_found": " Bloco encontrado ",
        "internal_server_error": " Erro interno do servidor.",
        "retrying": " Tentando novamente em 10s.",
        "rejected": " Recusado ",
        "error_while_mining": " Erro ao tentar minerar - provavelmente é um erro de conexão - tentando novamente em 5s.",

        "mining_user": " User ",
        "mining_not_exist": " não existe",
        "mining_not_exist_warning": " Usuario incorreto, confira-o. Tentando novamente em 10s"
    },
    "maltese": {
        "translation_autor": "IdotMaster1/MattyInnit",
        "sigint_detected": "SIGINT misjub - Itfi l-iskavatur.",
        "goodbye": "Narawk dalwaqt!",
        "greeting_morning": "Miłego ranka",
        "greeting_noon": "Nizza fin-Nofsinhar",
        "greeting_afternoon": "Miłego wara nofsinhar",
        "greeting_evening": "Filgħaxija sabiħa",
        "greeting_back": "Hello mill-ġdid",

        "banner": "Skavatur uffiċjali Duino-Coin © għal madum AVR",
        "donation_level": "Livell ta 'donazzjoni tal-iżviluppatur:",
        "avr_on_port": "Bord (ijiet) AVR fuq il-port (ijiet):",
        "algorithm": "Algoritmu:",
        "rig_identifier": "ID tat-tħaffir:",

        "basic_config_tool": "\nWizard tal-Fajl tal-Konfigurazzjoni tad-Duino-Coin \nEdit File",
        "edit_config_file_warning": "/Miner_config.cfg jekk trid tibdel xi ħaġa aktar tard.",
        "dont_have_account": "M'għandekx kont Duino-Coin? Uża",
        "wallet": "Kartiera (Kartiera)",
        "register_warning": "biex tirreġistra fuq il-web. \n",
        "ask_username": "Daħħal l-username ta 'Duino-Coin tiegħek:",
        "ports_message": "Il-wizard tal-konfigurazzjoni sab il-portijiet li ġejjin:",
        "ports_notice": "Jekk ma tistax tara l-bord tiegħek hawn fuq, kun żgur li huwa mqabbad sewwa u l-programm għandu l-permessi meħtieġa għalih (eż. amministratur jew sudo).",
        "ask_avrport": "Daħħal l-isem tal-port tal-bord tiegħek (eż. COM1 (Windows) jew / dev / ttyUSB1 (Unix)):",
        "ask_anotherport": "Trid iżżid maduma oħra? (y / N):",
        "ask_higherdiff": "Trid tuża iktar diffikultà biex tħaffer? (għal bordijiet Arduino DUE biss) (y / N):",
        "ask_rig_identifier": "Trid iżżid identifikatur (isem) għal dan l-iskavatur? (y / N)",
        "ask_rig_name": "Daħħal isem għall-iskavatur:",
        "ask_donation_level": "Issettja l-livell ta 'għotja għall-iżviluppatur (0-5) (rakkomandat: 1), mhux se jnaqqas il-profitti tiegħek:",
        "config_saved": "Konfigurazzjoni ssejvjata! Tibda l-iskavatur",

        "free_network_warning": "In-netwerk Duino-Coin huwa servizz kompletament b'xejn u dejjem ikun",
        "donate_warning": "\nMa nieħdu l-ebda kummissjoni mill-minjieri tiegħek, u ż-żamma tas-server u l-ħlas għall-iskambji jiswew ħafna. \n Tista 'tgħinna ħafna billi żżur",
        "learn_more_donate": "biex tagħmel donazzjoni :)",
        "starting_donation": "Li tippermetti l-proċess tas-sussidju",
        "thanks_donation": "Grazzi ħafna talli d-donazzjoni tinxtegħel ❤️ Se tgħinna nżommu s-server ewlieni u nippermettu żvilupp ulterjuri",

        "data_error": "Problema tat-tniżżil tad-dejta GitHub! Erġa 'pprova f'10s.",
        "connected": "Konness",
        "connected_server": "mas-server ewlieni ta 'Duino-Coin (v",
        "outdated_miner": "L-iskavatur huwa antikwat (v",
        "server_is_on_version": "is-server huwa fuq v",
        "update_warning": ", jekk jogħġbok niżżel l-aħħar verżjoni minn https://github.com/revoxhere/duino-coin/releases/",
        "connection_error": "Problema fil-konnessjoni mas-server. Erġa 'pprova f'10s",

        "duco_avr_miner": "AVR Duino-Coin excavator (v",
        "acceptable_shares": "ishma aċċettati",
        "block_found": "Blokk misjub",
        "error_while_mining": "Żball waqt it-tħaffir - probabbilment problema ta 'konnessjoni - erġa' pprova f'5s.",

        "board_on_port": "Bord AVR fuq il-port",
        "board_is_connected": "huwa konness",
        "board_connection_error": "Problema bil-bord AVR fil-port",
        "board_connection_error2": ", kun żgur li huwa mqabbad sew",

        "mining_start": "Il-ħajta AVR tal-iskavatur qed tibda",
        "mining_algorithm": "billi tuża l-algoritmu DUCO-S1A (",
        "mining_avr_connection_error": "Problema mal-bord AVR! Erġa 'pprova f'10s",
        "mining_avr_not_responding": "Il-bord AVR ma jirrispondix, jibgħat xogħol ġdid",
        "internal_server_error": "Żball tas-server intern.",
        "retrying": "Ipprova mill-ġdid f'10s",
        "mining_user": "Utent",
        "mining_not_exist": "mhux irreġistrat.",
        "mining_not_exist_warning": "Kun żgur li ddaħħal l-username sewwa. Iċċekkja l-fajl tal-konfigurazzjoni tiegħek. Erġa 'pprova f'10s",

        "load_config_error": "Problema bit-tagħbija tal-fajl tal-konfigurazzjoni (",
        "load_config_error_warning": "/Miner_config.cfg). Ipprova neħħih u erġa 'ibda l-iskavatur. Agħlaq f'10 sekondi" 
    },
    "thai": {
        "translation_autor": "naphob",
        "sigint_detected": " ตรวจพบ SIGINT - จบการใช้งานอย่่างปลอดภัย",
        "goodbye": " แล้วพบกันใหม่",
        "greeting_morning": "อรุณสวัสดิ์",
        "greeting_noon": "ขอให้มีช่วงเที่ยงที่มีรสชาติ",
        "greeting_afternoon": "ขอให้มีบ่ายที่แสนสงบ",
        "greeting_evening": "ขอให้มีช่วงเย็นที่แสนอบอุ่น",
        "greeting_back": "ยินดีต้อนรับกลับมา",

        "banner": "Duino-Coin อย่างเป็นทางการ © ไพธอน มายเนอร์",
        "donation_level": "ระดับการบริจาคให้นักพัฒนา: ",

        "ask_algorithm": "เลือกอัลกอริทึมการขุดที่คุณต้องการใข้ (1-2): ",
        "ask_difficulty": "เลือกระดับความยากของการขุดที่คุณต้องการใช้ (1-3): ",
        "low_diff": "ความยากต่ำ (สำหรับราสเบอร์รี่ ไพส์, คอมพิวเตอร์เก่า)",
        "medium_diff": "ความยากปานกลาง(สำหรับคอมพิวเตอร์ทั่วไป)",
        "net_diff": "ความยากระดับเครือข่าย (สำหรับคอมพิวเตอร์ที่มีความแรงสูง)",

        "low_diff_short": "ความยากต่ำ",
        "medium_diff_short": "ความยากกลาง",
        "net_diff_short": "ความยากเครือข่าย",
        "algorithm": "อัลกอริทึม: ",
        "rig_identifier": "ชื่อริก: ",

        "basic_config_tool": "\nDuino-Coin เครื่องมือการตั้งค่าพื้นฐาน\nแก้ไข ",
        "edit_config_file_warning": "ไฟล์ /Miner_config.cfg ภายหลังหากคุณต้องการเปลี่ยนแปลง",
        "dont_have_account": "ยังไม่มีบัญชี Duino-Coin? ใช้ ",
        "wallet": "วอลเล็ท",
        "register_warning": " เพื่อลงทะเบียนบนเซิร์ฟเวอร์\n",
        "ask_username": "ใส่ชื่อผู้ใช้ Duino-Coin: ",
        "ask_intensity": "ตั้งค่าความแรงในการขุดS (1-100)% (แนะนำ: 95): ",
        "ask_threads": "ตั้งค่าเธรดการขุด (แนะนำสำหรับระบบของคุณ: ",
        "ask_lower_difficulty": "คุณต้องการใช้ความยากที่ต่ำลงสำหรับการขุด (สำหรับระบบที่ช้า)? (y/N): ",
        "ask_rig_identifier": "คุณต้องการเพิ่มตัวชี้ (ชื่อ) กับริกนี้? (y/N): ",
        "ask_rig_name": "ใส่ชื่อริกที่ต้องการ: ",
        "ask_donation_level": "ตั้งค่าระดับการบริจาคให้นักพัฒนา (0-5) (แนะนำ: 1), รายได้ของคุณจะไม่ลดลง: ",
        "config_saved": "การตั้งค่าถูกบันทึกแล้ว! ไมเนอร์เริ่มทำงาน",
        "load_config_error": " ความผิดพลาดในการถ่ายโอนไฟล์ตั้งค่า (",
        "load_config_error_warning": "/Miner_config.cfg) ลองเอามันออกและเริ่มการตั้งค่าใหม่ จะออกใน 10วิ",

        "free_network_warning": " เครือข่าย Duino-Coin เป็นบริการฟรีทั้งหมดและจะเป็นตลอดไป",
        "donate_warning": "\nเราไม่ได้ค่าธรรมเนียมจากการขุดของคุณ\nคุณสามารถช่วยพวกเราดูแลเซิร์ฟเวอร์และลดค่าธรรมเนียมการแลกเปลี่ยนด้่วยการบริจาค\nเยี่ยมขม ",
        "learn_more_donate": " เรียนรู้เพิ่มเติมว่าคุณจะช่วยอย่างไร:)",
        "starting_donation": "เริ่มขั้นตอนการบริจาค",
        "thanks_donation": " ขอบคุณที่เป็นผู้บริจาคที่สุดยอด ❤️ \nการบริจาคของคุณจะช่วยพวกเราดูแลเซิร์ฟเวอร์และการพัฒนาต่อไปข้างหน้า",

        "data_error": " ความผิดพลาดในการรับข้อมูลจาก GitHub! ลองใหม่ใน 10วิ",
        "connected": " เชื่อมต่อแล้ว",
        "connected_server": " ไปยังมาสเตอร์เซิร์ฟเวอร์ Duino-Coin (v",
        "outdated_miner": " มายเนอร์ตกรุ่น (v",
        "server_is_on_version": " เซิร์ฟเวอร์ v",
        "update_warning": ", กรุณาดาวน์โหลดเวอร์ชั้นล่าสุดจาก https://github.com/revoxhere/duino-coin/releases/",
        "connecting_error": " ความผิดพลาดในการเชื่อมต่อเซิร์ฟเวอร์ ลองใหม่ใน 10วิ",
        "mining_thread": " เธรดการขุด #",
        "mining_thread_starting": " กำลังเริ่มต้น",
        "using_algo": " ใช้อัลกอริทึม DUCO-S1 กับ ",
        "using_algo_xxh": " ใช้อัลกอริทึม XXHASH กับ ",
        "efficiency": "efficiency",

        "duco_python_miner": "Duino-Coin ไพธอน มายเนอร์ (v",
        "accepted_shares": " ยอมรับส่วนแบ่ง",
        "accepted": " ยอมรับแล้ว ",
        "block_found": " ค้นพบบล็อกแล้ว ",
        "internal_server_error": " คว่ามผิดพลาดภายในเซิร์ฟเวอร์",
        "retrying": " ลองใหม่ใน 10วิ",
        "rejected": " ปฏิเสธ ",
        "error_while_mining": " ความผิดพลาดระหว่างขุด - เหมือนจะเป็นความผิดพลาดในการเชื่อมต่อ - เริ่มใหม่ใน 5วิ",

        "mining_user": " ผู้ใช้ ",
        "mining_not_exist": " ไม่มีอยู่",
        "mining_not_exist_warning": " ตรวจสอบความถูกต้องของชื่อผู้ใช้งาน กรุณาตรวจสอบไฟล์การตั้งค่า ลองใหม่ใน 10วิ",

        "max_threads_notice": "การขุด Duino-Coin ด้วยเธรดจำนวนมากจะทำให้กำไรลดลง - เธรดการขุดลดเหลือ 8",
        "max_hashrate_notice": "การขุด Duino-Coin ด้วยอุปกรณ์ที่มีพลังสูงอาจจะไม่ได้ทำให้คุณได้กำไรสูงสุด- เราแนะนำให้ลอง Magi (https://xmg.network) - เหรียญ 'พี่น้อง' ของเรา",

        "recommended": "แนะนำ"
    }
}
